mode,pair,baseline_api_wall_seconds,candidate_api_wall_seconds,candidate_wall_time_delta_percent
binaural-d1,1,49.044044266,38.035092656,-22.447071351
binaural-d2,1,48.764920722,38.031937896,-22.009638624
stereo,1,30.434160150,29.476525072,-3.146579611
speaker,1,32.577924226,32.531087279,-0.143768973
binaural-d1,2,50.659482255,38.558436125,-23.887030801
binaural-d2,2,51.629017285,38.908025465,-24.639229040
stereo,2,30.062032177,30.048997487,-0.043359311
speaker,2,32.840290803,33.751354703,2.774226043
binaural-d1,3,50.801290377,39.035605449,-23.160208807
binaural-d2,3,49.225629067,38.417059964,-21.957198532
stereo,3,29.650201870,30.001372330,1.184377973
speaker,3,32.633323339,32.709395231,0.233111079
binaural-d1,4,49.204436981,36.992821232,-24.818119052
binaural-d2,4,49.987551713,37.865695241,-24.249750301
stereo,4,29.704864794,29.059232743,-2.173489277
speaker,4,31.452659220,32.418805743,3.071748294
binaural-d1,5,49.631329534,37.535196504,-24.371970575
binaural-d2,5,49.972613825,38.537801215,-22.882158316
stereo,5,30.117645952,30.267759359,0.498423440
speaker,5,32.390723249,33.562819385,3.618616747
binaural-d1,6,50.679638769,37.565966691,-25.875622630
binaural-d2,6,50.212929272,37.484304450,-25.349297495
stereo,6,30.425192963,30.028137744,-1.305021202
speaker,6,32.073970015,32.307218162,0.727219446
binaural-d1,7,50.160187090,37.854956652,-24.531867108
binaural-d2,7,50.100204886,39.251322351,-21.654367601
stereo,7,29.558793653,30.057227559,1.686245764
speaker,7,31.807410397,32.534813644,2.286898675
