stage,pair,variant,iterations,elapsed_wall_ns,ns_per_call
initial,1,baseline,128,479800611,3748442.273
initial,1,candidate,128,187242132,1462829.156
initial,2,candidate,128,177604826,1387537.703
initial,2,baseline,128,508935283,3976056.898
initial,3,baseline,128,487024283,3804877.211
initial,3,candidate,128,195303010,1525804.766
initial,4,candidate,128,203665296,1591135.125
initial,4,baseline,128,470275183,3674024.867
initial,5,baseline,128,477067295,3727088.242
initial,5,candidate,128,169115791,1321217.117
initial,6,candidate,128,172891231,1350712.742
initial,6,baseline,128,470702459,3677362.961
initial,7,baseline,128,482098501,3766394.539
initial,7,candidate,128,187673910,1466202.422
initial,8,candidate,128,169391697,1323372.633
initial,8,baseline,128,467846461,3655050.477
initial,9,baseline,128,462745143,3615196.430
initial,9,candidate,128,191777181,1498259.227
forced-fallback,1,baseline,128,469425667,3667388.023
forced-fallback,1,candidate,128,191996157,1499969.977
forced-fallback,2,candidate,128,175782994,1373304.641
forced-fallback,2,baseline,128,461690777,3606959.195
forced-fallback,3,baseline,128,456124900,3563475.781
forced-fallback,3,candidate,128,176643338,1380026.078
forced-fallback,4,candidate,128,173960114,1359063.391
forced-fallback,4,baseline,128,461656922,3606694.703
forced-fallback,5,baseline,128,464792032,3631187.750
forced-fallback,5,candidate,128,174992351,1367127.742
forced-fallback,6,candidate,128,172251151,1345712.117
forced-fallback,6,baseline,128,460056545,3594191.758
forced-fallback,7,baseline,128,493531530,3855715.078
forced-fallback,7,candidate,128,172463017,1347367.320
forced-fallback,8,candidate,128,174986005,1367078.164
forced-fallback,8,baseline,128,460827683,3600216.273
forced-fallback,9,baseline,128,459624534,3590816.672
forced-fallback,9,candidate,128,177370791,1385709.305
caller-guard,1,baseline,128,482218162,3767329.391
caller-guard,1,candidate,128,173330008,1354140.688
caller-guard,2,candidate,128,174490405,1363206.289
caller-guard,2,baseline,128,464949386,3632417.078
caller-guard,3,baseline,128,476288484,3721003.781
caller-guard,3,candidate,128,172085014,1344414.172
caller-guard,4,candidate,128,174273772,1361513.844
caller-guard,4,baseline,128,463031098,3617430.453
caller-guard,5,baseline,128,464191740,3626497.969
caller-guard,5,candidate,128,174086136,1360047.938
caller-guard,6,candidate,128,170663644,1333309.719
caller-guard,6,baseline,128,471664969,3684882.570
caller-guard,7,baseline,128,456159083,3563742.836
caller-guard,7,candidate,128,185483517,1449089.977
caller-guard,8,candidate,128,192166703,1501302.367
caller-guard,8,baseline,128,474559720,3707497.812
caller-guard,9,baseline,128,473745823,3701139.242
caller-guard,9,candidate,128,207432976,1620570.125
inlined-tiny-route,1,baseline,128,466693882,3646045.953
inlined-tiny-route,1,candidate,128,175867506,1373964.891
inlined-tiny-route,2,candidate,128,185324323,1447846.273
inlined-tiny-route,2,baseline,128,460462049,3597359.758
inlined-tiny-route,3,baseline,128,491137409,3837011.008
inlined-tiny-route,3,candidate,128,179723328,1404088.500
inlined-tiny-route,4,candidate,128,188019958,1468905.922
inlined-tiny-route,4,baseline,128,474507464,3707089.562
inlined-tiny-route,5,baseline,128,501352546,3916816.766
inlined-tiny-route,5,candidate,128,174447849,1362873.820
inlined-tiny-route,6,candidate,128,174938891,1366710.086
inlined-tiny-route,6,baseline,128,463624351,3622065.242
inlined-tiny-route,7,baseline,128,460214026,3595422.078
inlined-tiny-route,7,candidate,128,177892526,1389785.359
inlined-tiny-route,8,candidate,128,204413666,1596981.766
inlined-tiny-route,8,baseline,128,480485566,3753793.484
inlined-tiny-route,9,baseline,128,461309547,3603980.836
inlined-tiny-route,9,candidate,128,186605453,1457855.102
final,1,baseline,128,461656841,3606694.070
final,1,candidate,128,175739008,1372961.000
final,2,candidate,128,174362763,1362209.086
final,2,baseline,128,460984800,3601443.750
final,3,baseline,128,517540489,4043285.070
final,3,candidate,128,179965686,1405981.922
final,4,candidate,128,174626200,1364267.188
final,4,baseline,128,480391084,3753055.344
final,5,baseline,128,472407006,3690679.734
final,5,candidate,128,177076946,1383413.641
final,6,candidate,128,175993943,1374952.680
final,6,baseline,128,467695033,3653867.445
final,7,baseline,128,465605697,3637544.508
final,7,candidate,128,178766924,1396616.594
final,8,candidate,128,177526380,1386924.844
final,8,baseline,128,475072688,3711505.375
final,9,baseline,128,474308154,3705532.453
final,9,candidate,128,178497859,1394514.523
