stage,taps,block,pair,variant,iterations,elapsed_wall_ns,ns_per_call
forced-fallback,1,1,1,baseline,65536,13289255,202.778
forced-fallback,1,1,1,candidate,65536,17242166,263.095
forced-fallback,1,1,2,baseline,65536,13537561,206.567
forced-fallback,1,1,2,candidate,65536,16451285,251.027
forced-fallback,1,1,3,baseline,65536,13443753,205.135
forced-fallback,1,1,3,candidate,65536,16763493,255.791
forced-fallback,1,1,4,baseline,65536,13998968,213.607
forced-fallback,1,1,4,candidate,65536,17048513,260.140
forced-fallback,1,1,5,baseline,65536,13103213,199.939
forced-fallback,1,1,5,candidate,65536,17190811,262.311
forced-fallback,1,1,6,baseline,65536,15688063,239.381
forced-fallback,1,1,6,candidate,65536,16422081,250.581
forced-fallback,1,1,7,baseline,65536,13178262,201.084
forced-fallback,1,1,7,candidate,65536,16892672,257.762
forced-fallback,1,1,8,baseline,65536,13329285,203.389
forced-fallback,1,1,8,candidate,65536,16616417,253.546
forced-fallback,1,1,9,baseline,65536,13886113,211.885
forced-fallback,1,1,9,candidate,65536,17337467,264.549
forced-fallback,1,4,1,baseline,65536,24398005,372.284
forced-fallback,1,4,1,candidate,65536,19447849,296.751
forced-fallback,1,4,2,baseline,65536,22766157,347.384
forced-fallback,1,4,2,candidate,65536,18979881,289.610
forced-fallback,1,4,3,baseline,65536,23511043,358.750
forced-fallback,1,4,3,candidate,65536,19103293,291.493
forced-fallback,1,4,4,baseline,65536,24952922,380.751
forced-fallback,1,4,4,candidate,65536,21126707,322.368
forced-fallback,1,4,5,baseline,65536,23612956,360.305
forced-fallback,1,4,5,candidate,65536,19595837,299.009
forced-fallback,1,4,6,baseline,65536,22129300,337.666
forced-fallback,1,4,6,candidate,65536,21198763,323.467
forced-fallback,1,4,7,baseline,65536,24317147,371.050
forced-fallback,1,4,7,candidate,65536,19372989,295.608
forced-fallback,1,4,8,baseline,65536,22445866,342.497
forced-fallback,1,4,8,candidate,65536,20650077,315.095
forced-fallback,1,4,9,baseline,65536,23094239,352.390
forced-fallback,1,4,9,candidate,65536,19175528,292.595
forced-fallback,16,64,1,baseline,2663,25880826,9718.673
forced-fallback,16,64,1,candidate,2663,11875627,4459.492
forced-fallback,16,64,2,baseline,2663,25679410,9643.038
forced-fallback,16,64,2,candidate,2663,12015644,4512.071
forced-fallback,16,64,3,baseline,2663,27140677,10191.768
forced-fallback,16,64,3,candidate,2663,13192874,4954.140
forced-fallback,16,64,4,baseline,2663,24508248,9203.247
forced-fallback,16,64,4,candidate,2663,14051776,5276.671
forced-fallback,16,64,5,baseline,2663,24500987,9200.521
forced-fallback,16,64,5,candidate,2663,12004327,4507.821
forced-fallback,16,64,6,baseline,2663,24250490,9106.455
forced-fallback,16,64,6,candidate,2663,11652259,4375.614
forced-fallback,16,64,7,baseline,2663,25584330,9607.334
forced-fallback,16,64,7,candidate,2663,11501898,4319.151
forced-fallback,16,64,8,baseline,2663,32149150,12072.531
forced-fallback,16,64,8,candidate,2663,12190390,4577.691
forced-fallback,16,64,9,baseline,2663,62367883,23420.159
forced-fallback,16,64,9,candidate,2663,13610228,5110.863
forced-fallback,256,128,1,baseline,128,45627980,356468.594
forced-fallback,256,128,1,candidate,128,39843833,311279.945
forced-fallback,256,128,2,baseline,128,38754190,302767.109
forced-fallback,256,128,2,candidate,128,42255427,330120.523
forced-fallback,256,128,3,baseline,128,38148510,298035.234
forced-fallback,256,128,3,candidate,128,38183221,298306.414
forced-fallback,256,128,4,baseline,128,39694141,310110.477
forced-fallback,256,128,4,candidate,128,38793948,303077.719
forced-fallback,256,128,5,baseline,128,38308615,299286.055
forced-fallback,256,128,5,candidate,128,41463554,323934.016
forced-fallback,256,128,6,baseline,128,40253544,314480.812
forced-fallback,256,128,6,candidate,128,44337728,346388.500
forced-fallback,256,128,7,baseline,128,40182865,313928.633
forced-fallback,256,128,7,candidate,128,38403174,300024.797
forced-fallback,256,128,8,baseline,128,39055413,305120.414
forced-fallback,256,128,8,candidate,128,42213095,329789.805
forced-fallback,256,128,9,baseline,128,40076003,313093.773
forced-fallback,256,128,9,candidate,128,40733870,318233.359
forced-fallback,256,259,1,baseline,128,76090947,594460.523
forced-fallback,256,259,1,candidate,128,77678410,606862.578
forced-fallback,256,259,2,baseline,128,80849912,631639.938
forced-fallback,256,259,2,candidate,128,77256871,603569.305
forced-fallback,256,259,3,baseline,128,77879305,608432.070
forced-fallback,256,259,3,candidate,128,82075945,641218.320
forced-fallback,256,259,4,baseline,128,82228409,642409.445
forced-fallback,256,259,4,candidate,128,77590290,606174.141
forced-fallback,256,259,5,baseline,128,78514089,613391.320
forced-fallback,256,259,5,candidate,128,82094903,641366.430
forced-fallback,256,259,6,baseline,128,88499177,691399.820
forced-fallback,256,259,6,candidate,128,76975567,601371.617
forced-fallback,256,259,7,baseline,128,79317630,619668.984
forced-fallback,256,259,7,candidate,128,80355425,627776.758
forced-fallback,256,259,8,baseline,128,90221619,704856.398
forced-fallback,256,259,8,candidate,128,78908949,616476.164
forced-fallback,256,259,9,baseline,128,78117145,610290.195
forced-fallback,256,259,9,candidate,128,81458658,636395.766
forced-fallback,256,260,1,baseline,128,86908929,678976.008
forced-fallback,256,260,1,candidate,128,77972773,609162.289
forced-fallback,256,260,2,baseline,128,79449855,620701.992
forced-fallback,256,260,2,candidate,128,82844835,647225.273
forced-fallback,256,260,3,baseline,128,79617172,622009.156
forced-fallback,256,260,3,candidate,128,78388365,612409.102
forced-fallback,256,260,4,baseline,128,79488113,621000.883
forced-fallback,256,260,4,candidate,128,78589712,613982.125
forced-fallback,256,260,5,baseline,128,78701185,614853.008
forced-fallback,256,260,5,candidate,128,78105740,610201.094
forced-fallback,256,260,6,baseline,128,79584895,621756.992
forced-fallback,256,260,6,candidate,128,79870235,623986.211
forced-fallback,256,260,7,baseline,128,79323562,619715.328
forced-fallback,256,260,7,candidate,128,78886408,616300.062
forced-fallback,256,260,8,baseline,128,80478419,628737.648
forced-fallback,256,260,8,candidate,128,93581215,731103.242
forced-fallback,256,260,9,baseline,128,83839221,654993.914
forced-fallback,256,260,9,candidate,128,85981370,671729.453
forced-fallback,256,512,1,baseline,128,157784474,1232691.203
forced-fallback,256,512,1,candidate,128,99101003,774226.586
forced-fallback,256,512,2,baseline,128,162432628,1269004.906
forced-fallback,256,512,2,candidate,128,100926066,788484.891
forced-fallback,256,512,3,baseline,128,166038171,1297173.211
forced-fallback,256,512,3,candidate,128,101413774,792295.109
forced-fallback,256,512,4,baseline,128,168838082,1319047.516
forced-fallback,256,512,4,candidate,128,102381837,799858.102
forced-fallback,256,512,5,baseline,128,164146659,1282395.773
forced-fallback,256,512,5,candidate,128,103754325,810580.664
forced-fallback,256,512,6,baseline,128,169369729,1323201.008
forced-fallback,256,512,6,candidate,128,130164149,1016907.414
forced-fallback,256,512,7,baseline,128,168468815,1316162.617
forced-fallback,256,512,7,candidate,128,106518561,832176.258
forced-fallback,256,512,8,baseline,128,158791332,1240557.281
forced-fallback,256,512,8,candidate,128,111782956,873304.344
forced-fallback,256,512,9,baseline,128,161452788,1261349.906
forced-fallback,256,512,9,candidate,128,103616070,809500.547
forced-fallback,3,8,1,baseline,65536,46207417,705.069
forced-fallback,3,8,1,candidate,65536,38445526,586.632
forced-fallback,3,8,2,baseline,65536,40067121,611.376
forced-fallback,3,8,2,candidate,65536,37923619,578.669
forced-fallback,3,8,3,baseline,65536,40432747,616.955
forced-fallback,3,8,3,candidate,65536,38862639,592.997
forced-fallback,3,8,4,baseline,65536,52688063,803.956
forced-fallback,3,8,4,candidate,65536,38037076,580.400
forced-fallback,3,8,5,baseline,65536,42128260,642.826
forced-fallback,3,8,5,candidate,65536,38425356,586.324
forced-fallback,3,8,6,baseline,65536,41239775,629.269
forced-fallback,3,8,6,candidate,65536,39746348,606.481
forced-fallback,3,8,7,baseline,65536,44134380,673.437
forced-fallback,3,8,7,candidate,65536,39862770,608.258
forced-fallback,3,8,8,baseline,65536,40525164,618.365
forced-fallback,3,8,8,candidate,65536,40356666,615.794
forced-fallback,3,8,9,baseline,65536,40891923,623.961
forced-fallback,3,8,9,candidate,65536,37960132,579.226
forced-fallback,8,16,1,baseline,21306,34596348,1623.784
forced-fallback,8,16,1,candidate,21306,27591821,1295.026
forced-fallback,8,16,2,baseline,21306,34643797,1626.011
forced-fallback,8,16,2,candidate,21306,28333353,1329.830
forced-fallback,8,16,3,baseline,21306,33964700,1594.138
forced-fallback,8,16,3,candidate,21306,26470503,1242.397
forced-fallback,8,16,4,baseline,21306,34431586,1616.051
forced-fallback,8,16,4,candidate,21306,27463973,1289.025
forced-fallback,8,16,5,baseline,21306,35673191,1674.326
forced-fallback,8,16,5,candidate,21306,26813466,1258.494
forced-fallback,8,16,6,baseline,21306,34466467,1617.688
forced-fallback,8,16,6,candidate,21306,27276337,1280.219
forced-fallback,8,16,7,baseline,21306,35563350,1669.171
forced-fallback,8,16,7,candidate,21306,26536319,1245.486
forced-fallback,8,16,8,baseline,21306,34921025,1639.023
forced-fallback,8,16,8,candidate,21306,27204351,1276.840
forced-fallback,8,16,9,baseline,21306,36236449,1700.763
forced-fallback,8,16,9,candidate,21306,27834998,1306.439
caller-guard,1,1,1,baseline,65536,14007147,213.732
caller-guard,1,1,1,candidate,65536,15216204,232.181
caller-guard,1,1,2,baseline,65536,14715748,224.544
caller-guard,1,1,2,candidate,65536,16292387,248.602
caller-guard,1,1,3,baseline,65536,14602452,222.816
caller-guard,1,1,3,candidate,65536,15270939,233.016
caller-guard,1,1,4,baseline,65536,15124850,230.787
caller-guard,1,1,4,candidate,65536,17474065,266.633
caller-guard,1,1,5,baseline,65536,13821964,210.906
caller-guard,1,1,5,candidate,65536,14548223,221.988
caller-guard,1,1,6,baseline,65536,13606117,207.613
caller-guard,1,1,6,candidate,65536,14089798,214.993
caller-guard,1,1,7,baseline,65536,13192068,201.295
caller-guard,1,1,7,candidate,65536,14638785,223.370
caller-guard,1,1,8,baseline,65536,13852219,211.368
caller-guard,1,1,8,candidate,65536,16326648,249.125
caller-guard,1,1,9,baseline,65536,13565457,206.992
caller-guard,1,1,9,candidate,65536,15638425,238.623
caller-guard,1,4,1,baseline,65536,23555366,359.426
caller-guard,1,4,1,candidate,65536,19129068,291.886
caller-guard,1,4,2,baseline,65536,23370114,356.600
caller-guard,1,4,2,candidate,65536,46192473,704.841
caller-guard,1,4,3,baseline,65536,25369885,387.114
caller-guard,1,4,3,candidate,65536,21516138,328.310
caller-guard,1,4,4,baseline,65536,23566463,359.596
caller-guard,1,4,4,candidate,65536,20459485,312.187
caller-guard,1,4,5,baseline,65536,24956907,380.812
caller-guard,1,4,5,candidate,65536,20742140,316.500
caller-guard,1,4,6,baseline,65536,24989725,381.313
caller-guard,1,4,6,candidate,65536,20997916,320.403
caller-guard,1,4,7,baseline,65536,23123331,352.834
caller-guard,1,4,7,candidate,65536,49771271,759.449
caller-guard,1,4,8,baseline,65536,22915285,349.660
caller-guard,1,4,8,candidate,65536,28012821,427.442
caller-guard,1,4,9,baseline,65536,23939953,365.295
caller-guard,1,4,9,candidate,65536,19771703,301.692
caller-guard,16,64,1,baseline,2663,28447390,10682.460
caller-guard,16,64,1,candidate,2663,12786311,4801.469
caller-guard,16,64,2,baseline,2663,25574565,9603.667
caller-guard,16,64,2,candidate,2663,13137448,4933.326
caller-guard,16,64,3,baseline,2663,25983737,9757.318
caller-guard,16,64,3,candidate,2663,12775125,4797.268
caller-guard,16,64,4,baseline,2663,26485395,9945.698
caller-guard,16,64,4,candidate,2663,13575262,5097.733
caller-guard,16,64,5,baseline,2663,26594235,9986.570
caller-guard,16,64,5,candidate,2663,13501603,5070.072
caller-guard,16,64,6,baseline,2663,26360401,9898.761
caller-guard,16,64,6,candidate,2663,12985745,4876.359
caller-guard,16,64,7,baseline,2663,25751365,9670.058
caller-guard,16,64,7,candidate,2663,13806436,5184.542
caller-guard,16,64,8,baseline,2663,25345289,9517.570
caller-guard,16,64,8,candidate,2663,14437018,5421.336
caller-guard,16,64,9,baseline,2663,27821655,10447.486
caller-guard,16,64,9,candidate,2663,12752713,4788.852
caller-guard,256,128,1,baseline,128,39105522,305511.891
caller-guard,256,128,1,candidate,128,41307349,322713.664
caller-guard,256,128,2,baseline,128,42673809,333389.133
caller-guard,256,128,2,candidate,128,44682813,349084.477
caller-guard,256,128,3,baseline,128,42646024,333172.062
caller-guard,256,128,3,candidate,128,41828746,326787.078
caller-guard,256,128,4,baseline,128,45744063,357375.492
caller-guard,256,128,4,candidate,128,40071333,313057.289
caller-guard,256,128,5,baseline,128,41168266,321627.078
caller-guard,256,128,5,candidate,128,41291686,322591.297
caller-guard,256,128,6,baseline,128,41626469,325206.789
caller-guard,256,128,6,candidate,128,42094807,328865.680
caller-guard,256,128,7,baseline,128,40810308,318830.531
caller-guard,256,128,7,candidate,128,39909414,311792.297
caller-guard,256,128,8,baseline,128,40111962,313374.703
caller-guard,256,128,8,candidate,128,43162207,337204.742
caller-guard,256,128,9,baseline,128,40079564,313121.594
caller-guard,256,128,9,candidate,128,40682150,317829.297
caller-guard,256,259,1,baseline,128,83305099,650821.086
caller-guard,256,259,1,candidate,128,82268145,642719.883
caller-guard,256,259,2,baseline,128,86641511,676886.805
caller-guard,256,259,2,candidate,128,88390502,690550.797
caller-guard,256,259,3,baseline,128,83053599,648856.242
caller-guard,256,259,3,candidate,128,84277024,658414.250
caller-guard,256,259,4,baseline,128,80127002,625992.203
caller-guard,256,259,4,candidate,128,81112981,633695.164
caller-guard,256,259,5,baseline,128,92650617,723832.945
caller-guard,256,259,5,candidate,128,88389020,690539.219
caller-guard,256,259,6,baseline,128,81395116,635899.344
caller-guard,256,259,6,candidate,128,90688296,708502.312
caller-guard,256,259,7,baseline,128,86460905,675475.820
caller-guard,256,259,7,candidate,128,79753492,623074.156
caller-guard,256,259,8,baseline,128,80172958,626351.234
caller-guard,256,259,8,candidate,128,79280447,619378.492
caller-guard,256,259,9,baseline,128,82764325,646596.289
caller-guard,256,259,9,candidate,128,81100804,633600.031
caller-guard,256,260,1,baseline,128,81443537,636277.633
caller-guard,256,260,1,candidate,128,84018643,656395.648
caller-guard,256,260,2,baseline,128,79891545,624152.695
caller-guard,256,260,2,candidate,128,85046535,664426.055
caller-guard,256,260,3,baseline,128,85294961,666366.883
caller-guard,256,260,3,candidate,128,80806681,631302.195
caller-guard,256,260,4,baseline,128,78587538,613965.141
caller-guard,256,260,4,candidate,128,83682710,653771.172
caller-guard,256,260,5,baseline,128,84414426,659487.703
caller-guard,256,260,5,candidate,128,77655588,606684.281
caller-guard,256,260,6,baseline,128,81889032,639758.062
caller-guard,256,260,6,candidate,128,77036928,601851.000
caller-guard,256,260,7,baseline,128,83738462,654206.734
caller-guard,256,260,7,candidate,128,84332406,658846.922
caller-guard,256,260,8,baseline,128,107009440,836011.250
caller-guard,256,260,8,candidate,128,80677771,630295.086
caller-guard,256,260,9,baseline,128,87438013,683109.477
caller-guard,256,260,9,candidate,128,80452770,628537.266
caller-guard,256,512,1,baseline,128,163304808,1275818.812
caller-guard,256,512,1,candidate,128,100864758,788005.922
caller-guard,256,512,2,baseline,128,154343016,1205804.812
caller-guard,256,512,2,candidate,128,105917267,827478.648
caller-guard,256,512,3,baseline,128,165868033,1295844.008
caller-guard,256,512,3,candidate,128,105488732,824130.719
caller-guard,256,512,4,baseline,128,171401320,1339072.812
caller-guard,256,512,4,candidate,128,97953366,765260.672
caller-guard,256,512,5,baseline,128,159542506,1246425.828
caller-guard,256,512,5,candidate,128,104466815,816146.992
caller-guard,256,512,6,baseline,128,167730401,1310393.758
caller-guard,256,512,6,candidate,128,110924375,866596.680
caller-guard,256,512,7,baseline,128,169111031,1321179.930
caller-guard,256,512,7,candidate,128,105358416,823112.625
caller-guard,256,512,8,baseline,128,164623377,1286120.133
caller-guard,256,512,8,candidate,128,103940781,812037.352
caller-guard,256,512,9,baseline,128,168757491,1318417.898
caller-guard,256,512,9,candidate,128,102502356,800799.656
caller-guard,3,8,1,baseline,65536,43595849,665.220
caller-guard,3,8,1,candidate,65536,43164290,658.635
caller-guard,3,8,2,baseline,65536,45331547,691.705
caller-guard,3,8,2,candidate,65536,41853442,638.633
caller-guard,3,8,3,baseline,65536,43906882,669.966
caller-guard,3,8,3,candidate,65536,40809707,622.707
caller-guard,3,8,4,baseline,65536,43069791,657.193
caller-guard,3,8,4,candidate,65536,42866683,654.094
caller-guard,3,8,5,baseline,65536,42654320,650.853
caller-guard,3,8,5,candidate,65536,39749910,606.535
caller-guard,3,8,6,baseline,65536,42924888,654.982
caller-guard,3,8,6,candidate,65536,40271507,614.494
caller-guard,3,8,7,baseline,65536,43811753,668.514
caller-guard,3,8,7,candidate,65536,39098181,596.591
caller-guard,3,8,8,baseline,65536,42194895,643.843
caller-guard,3,8,8,candidate,65536,40685846,620.817
caller-guard,3,8,9,baseline,65536,41874614,638.956
caller-guard,3,8,9,candidate,65536,40530728,618.450
caller-guard,8,16,1,baseline,21306,36796016,1727.026
caller-guard,8,16,1,candidate,21306,27680882,1299.206
caller-guard,8,16,2,baseline,21306,36633637,1719.405
caller-guard,8,16,2,candidate,21306,27171719,1275.308
caller-guard,8,16,3,baseline,21306,34550414,1621.628
caller-guard,8,16,3,candidate,21306,31079881,1458.738
caller-guard,8,16,4,baseline,21306,37578367,1763.746
caller-guard,8,16,4,candidate,21306,25657287,1204.228
caller-guard,8,16,5,baseline,21306,34490786,1618.830
caller-guard,8,16,5,candidate,21306,28036006,1315.874
caller-guard,8,16,6,baseline,21306,38510597,1807.500
caller-guard,8,16,6,candidate,21306,26092387,1224.650
caller-guard,8,16,7,baseline,21306,33980837,1594.895
caller-guard,8,16,7,candidate,21306,41647670,1954.739
caller-guard,8,16,8,baseline,21306,40749970,1912.605
caller-guard,8,16,8,candidate,21306,28738068,1348.825
caller-guard,8,16,9,baseline,21306,34908070,1638.415
caller-guard,8,16,9,candidate,21306,27856872,1307.466
inlined-tiny-route,1,1,1,baseline,65536,13106723,199.993
inlined-tiny-route,1,1,1,candidate,65536,16649003,254.044
inlined-tiny-route,1,1,2,baseline,65536,13860623,211.496
inlined-tiny-route,1,1,2,candidate,65536,15788697,240.916
inlined-tiny-route,1,1,3,baseline,65536,13112312,200.078
inlined-tiny-route,1,1,3,candidate,65536,16515497,252.006
inlined-tiny-route,1,1,4,baseline,65536,14286078,217.988
inlined-tiny-route,1,1,4,candidate,65536,16794887,256.270
inlined-tiny-route,1,1,5,baseline,65536,13906140,212.191
inlined-tiny-route,1,1,5,candidate,65536,22221893,339.079
inlined-tiny-route,1,1,6,baseline,65536,13906039,212.189
inlined-tiny-route,1,1,6,candidate,65536,17206913,262.557
inlined-tiny-route,1,1,7,baseline,65536,13172150,200.991
inlined-tiny-route,1,1,7,candidate,65536,16719547,255.120
inlined-tiny-route,1,1,8,baseline,65536,13737532,209.618
inlined-tiny-route,1,1,8,candidate,65536,16335772,249.264
inlined-tiny-route,1,1,9,baseline,65536,13766885,210.066
inlined-tiny-route,1,1,9,candidate,65536,16787897,256.163
inlined-tiny-route,1,4,1,baseline,65536,23436584,357.614
inlined-tiny-route,1,4,1,candidate,65536,22498324,343.297
inlined-tiny-route,1,4,2,baseline,65536,22928737,349.865
inlined-tiny-route,1,4,2,candidate,65536,22195619,338.678
inlined-tiny-route,1,4,3,baseline,65536,22843271,348.561
inlined-tiny-route,1,4,3,candidate,65536,26602029,405.915
inlined-tiny-route,1,4,4,baseline,65536,23709906,361.784
inlined-tiny-route,1,4,4,candidate,65536,21800778,332.653
inlined-tiny-route,1,4,5,baseline,65536,22664258,345.829
inlined-tiny-route,1,4,5,candidate,65536,21260925,324.416
inlined-tiny-route,1,4,6,baseline,65536,24661925,376.311
inlined-tiny-route,1,4,6,candidate,65536,22449613,342.554
inlined-tiny-route,1,4,7,baseline,65536,29506160,450.228
inlined-tiny-route,1,4,7,candidate,65536,21588746,329.418
inlined-tiny-route,1,4,8,baseline,65536,22307934,340.392
inlined-tiny-route,1,4,8,candidate,65536,24843713,379.085
inlined-tiny-route,1,4,9,baseline,65536,29927078,456.651
inlined-tiny-route,1,4,9,candidate,65536,21963888,335.142
inlined-tiny-route,16,64,1,baseline,2663,29390290,11036.534
inlined-tiny-route,16,64,1,candidate,2663,13012666,4886.469
inlined-tiny-route,16,64,2,baseline,2663,25344570,9517.300
inlined-tiny-route,16,64,2,candidate,2663,12947359,4861.945
inlined-tiny-route,16,64,3,baseline,2663,25445518,9555.208
inlined-tiny-route,16,64,3,candidate,2663,12810469,4810.540
inlined-tiny-route,16,64,4,baseline,2663,27060362,10161.608
inlined-tiny-route,16,64,4,candidate,2663,12910825,4848.226
inlined-tiny-route,16,64,5,baseline,2663,25667234,9638.466
inlined-tiny-route,16,64,5,candidate,2663,13125442,4928.818
inlined-tiny-route,16,64,6,baseline,2663,25416846,9544.441
inlined-tiny-route,16,64,6,candidate,2663,12895824,4842.593
inlined-tiny-route,16,64,7,baseline,2663,25494670,9573.665
inlined-tiny-route,16,64,7,candidate,2663,13604085,5108.556
inlined-tiny-route,16,64,8,baseline,2663,25147680,9443.365
inlined-tiny-route,16,64,8,candidate,2663,12769657,4795.215
inlined-tiny-route,16,64,9,baseline,2663,24629348,9248.722
inlined-tiny-route,16,64,9,candidate,2663,36954622,13877.064
inlined-tiny-route,256,128,1,baseline,128,38696394,302315.578
inlined-tiny-route,256,128,1,candidate,128,56725230,443165.859
inlined-tiny-route,256,128,2,baseline,128,40120678,313442.797
inlined-tiny-route,256,128,2,candidate,128,40531413,316651.664
inlined-tiny-route,256,128,3,baseline,128,41483363,324088.773
inlined-tiny-route,256,128,3,candidate,128,46536914,363569.641
inlined-tiny-route,256,128,4,baseline,128,41871013,327117.289
inlined-tiny-route,256,128,4,candidate,128,40374632,315426.812
inlined-tiny-route,256,128,5,baseline,128,37666480,294269.375
inlined-tiny-route,256,128,5,candidate,128,44096515,344504.023
inlined-tiny-route,256,128,6,baseline,128,40156761,313724.695
inlined-tiny-route,256,128,6,candidate,128,43569350,340385.547
inlined-tiny-route,256,128,7,baseline,128,41947094,327711.672
inlined-tiny-route,256,128,7,candidate,128,41404666,323473.953
inlined-tiny-route,256,128,8,baseline,128,43264010,338000.078
inlined-tiny-route,256,128,8,candidate,128,41389284,323353.781
inlined-tiny-route,256,128,9,baseline,128,40510462,316487.984
inlined-tiny-route,256,128,9,candidate,128,44469643,347419.086
inlined-tiny-route,256,259,1,baseline,128,81624882,637694.391
inlined-tiny-route,256,259,1,candidate,128,92345146,721446.453
inlined-tiny-route,256,259,2,baseline,128,90373867,706045.836
inlined-tiny-route,256,259,2,candidate,128,82746151,646454.305
inlined-tiny-route,256,259,3,baseline,128,92572931,723226.023
inlined-tiny-route,256,259,3,candidate,128,80420409,628284.445
inlined-tiny-route,256,259,4,baseline,128,92557278,723103.734
inlined-tiny-route,256,259,4,candidate,128,85970671,671645.867
inlined-tiny-route,256,259,5,baseline,128,79187538,618652.641
inlined-tiny-route,256,259,5,candidate,128,79931470,624464.609
inlined-tiny-route,256,259,6,baseline,128,82972133,648219.789
inlined-tiny-route,256,259,6,candidate,128,80241717,626888.414
inlined-tiny-route,256,259,7,baseline,128,83909821,655545.477
inlined-tiny-route,256,259,7,candidate,128,80815311,631369.617
inlined-tiny-route,256,259,8,baseline,128,82808993,646945.258
inlined-tiny-route,256,259,8,candidate,128,83061884,648920.969
inlined-tiny-route,256,259,9,baseline,128,85433542,667449.547
inlined-tiny-route,256,259,9,candidate,128,94741169,740165.383
inlined-tiny-route,256,260,1,baseline,128,82252444,642597.219
inlined-tiny-route,256,260,1,candidate,128,81144025,633937.695
inlined-tiny-route,256,260,2,baseline,128,79648655,622255.117
inlined-tiny-route,256,260,2,candidate,128,82993774,648388.859
inlined-tiny-route,256,260,3,baseline,128,85400994,667195.266
inlined-tiny-route,256,260,3,candidate,128,94939731,741716.648
inlined-tiny-route,256,260,4,baseline,128,86373374,674791.984
inlined-tiny-route,256,260,4,candidate,128,92509231,722728.367
inlined-tiny-route,256,260,5,baseline,128,80994224,632767.375
inlined-tiny-route,256,260,5,candidate,128,81434922,636210.328
inlined-tiny-route,256,260,6,baseline,128,80177713,626388.383
inlined-tiny-route,256,260,6,candidate,128,86081464,672511.438
inlined-tiny-route,256,260,7,baseline,128,83210744,650083.938
inlined-tiny-route,256,260,7,candidate,128,80605292,629728.844
inlined-tiny-route,256,260,8,baseline,128,80457956,628577.781
inlined-tiny-route,256,260,8,candidate,128,78850662,616020.797
inlined-tiny-route,256,260,9,baseline,128,79417886,620452.234
inlined-tiny-route,256,260,9,candidate,128,87229148,681477.719
inlined-tiny-route,256,512,1,baseline,128,169409271,1323509.930
inlined-tiny-route,256,512,1,candidate,128,106219632,829840.875
inlined-tiny-route,256,512,2,baseline,128,157223500,1228308.594
inlined-tiny-route,256,512,2,candidate,128,105365203,823165.648
inlined-tiny-route,256,512,3,baseline,128,152336214,1190126.672
inlined-tiny-route,256,512,3,candidate,128,101863352,795807.438
inlined-tiny-route,256,512,4,baseline,128,159417447,1245448.805
inlined-tiny-route,256,512,4,candidate,128,99776474,779503.703
inlined-tiny-route,256,512,5,baseline,128,167369050,1307570.703
inlined-tiny-route,256,512,5,candidate,128,98747631,771465.867
inlined-tiny-route,256,512,6,baseline,128,162122115,1266579.023
inlined-tiny-route,256,512,6,candidate,128,95476601,745910.945
inlined-tiny-route,256,512,7,baseline,128,162151998,1266812.484
inlined-tiny-route,256,512,7,candidate,128,100185956,782702.781
inlined-tiny-route,256,512,8,baseline,128,156278371,1220924.773
inlined-tiny-route,256,512,8,candidate,128,104784668,818630.219
inlined-tiny-route,256,512,9,baseline,128,157254946,1228554.266
inlined-tiny-route,256,512,9,candidate,128,100146748,782396.469
inlined-tiny-route,3,8,1,baseline,65536,40293212,614.826
inlined-tiny-route,3,8,1,candidate,65536,73924903,1128.005
inlined-tiny-route,3,8,2,baseline,65536,45176594,689.340
inlined-tiny-route,3,8,2,candidate,65536,111656638,1703.745
inlined-tiny-route,3,8,3,baseline,65536,50428506,769.478
inlined-tiny-route,3,8,3,candidate,65536,40665700,620.509
inlined-tiny-route,3,8,4,baseline,65536,43587646,665.095
inlined-tiny-route,3,8,4,candidate,65536,39881357,608.541
inlined-tiny-route,3,8,5,baseline,65536,50680667,773.326
inlined-tiny-route,3,8,5,candidate,65536,45058910,687.544
inlined-tiny-route,3,8,6,baseline,65536,50130558,764.932
inlined-tiny-route,3,8,6,candidate,65536,39153126,597.429
inlined-tiny-route,3,8,7,baseline,65536,44201329,674.459
inlined-tiny-route,3,8,7,candidate,65536,40578732,619.182
inlined-tiny-route,3,8,8,baseline,65536,40471434,617.545
inlined-tiny-route,3,8,8,candidate,65536,44820339,683.904
inlined-tiny-route,3,8,9,baseline,65536,43357378,661.581
inlined-tiny-route,3,8,9,candidate,65536,40140437,612.494
inlined-tiny-route,8,16,1,baseline,21306,41550557,1950.181
inlined-tiny-route,8,16,1,candidate,21306,32752884,1537.261
inlined-tiny-route,8,16,2,baseline,21306,47591345,2233.706
inlined-tiny-route,8,16,2,candidate,21306,34257606,1607.885
inlined-tiny-route,8,16,3,baseline,21306,47714706,2239.496
inlined-tiny-route,8,16,3,candidate,21306,30662129,1439.131
inlined-tiny-route,8,16,4,baseline,21306,38122821,1789.300
inlined-tiny-route,8,16,4,candidate,21306,29361658,1378.093
inlined-tiny-route,8,16,5,baseline,21306,36662543,1720.761
inlined-tiny-route,8,16,5,candidate,21306,28026604,1315.432
inlined-tiny-route,8,16,6,baseline,21306,38415231,1803.024
inlined-tiny-route,8,16,6,candidate,21306,29249742,1372.841
inlined-tiny-route,8,16,7,baseline,21306,35283095,1656.017
inlined-tiny-route,8,16,7,candidate,21306,27664992,1298.460
inlined-tiny-route,8,16,8,baseline,21306,35010674,1643.231
inlined-tiny-route,8,16,8,candidate,21306,28582221,1341.510
inlined-tiny-route,8,16,9,baseline,21306,46763601,2194.856
inlined-tiny-route,8,16,9,candidate,21306,29588726,1388.751
final-short-batches,1,1,1,baseline,65536,13644589,208.200
final-short-batches,1,1,1,candidate,65536,13997939,213.592
final-short-batches,1,1,2,baseline,65536,15751888,240.355
final-short-batches,1,1,2,candidate,65536,14474730,220.867
final-short-batches,1,1,3,baseline,65536,13585612,207.300
final-short-batches,1,1,3,candidate,65536,14427820,220.151
final-short-batches,1,1,4,baseline,65536,15786499,240.883
final-short-batches,1,1,4,candidate,65536,14648906,223.525
final-short-batches,1,1,5,baseline,65536,13014162,198.580
final-short-batches,1,1,5,candidate,65536,14510863,221.418
final-short-batches,1,1,6,baseline,65536,13089843,199.735
final-short-batches,1,1,6,candidate,65536,14193286,216.572
final-short-batches,1,1,7,baseline,65536,13080369,199.591
final-short-batches,1,1,7,candidate,65536,14051297,214.406
final-short-batches,1,1,8,baseline,65536,13505033,206.070
final-short-batches,1,1,8,candidate,65536,14979302,228.566
final-short-batches,1,1,9,baseline,65536,13869319,211.629
final-short-batches,1,1,9,candidate,65536,13909729,212.246
final-short-batches,1,4,1,baseline,65536,23371335,356.618
final-short-batches,1,4,1,candidate,65536,24226333,369.665
final-short-batches,1,4,2,baseline,65536,23555315,359.426
final-short-batches,1,4,2,candidate,65536,23984827,365.979
final-short-batches,1,4,3,baseline,65536,24140206,368.350
final-short-batches,1,4,3,candidate,65536,23707940,361.754
final-short-batches,1,4,4,baseline,65536,25446507,388.283
final-short-batches,1,4,4,candidate,65536,23692157,361.514
final-short-batches,1,4,5,baseline,65536,22676423,346.015
final-short-batches,1,4,5,candidate,65536,26668775,406.933
final-short-batches,1,4,6,baseline,65536,23288634,355.356
final-short-batches,1,4,6,candidate,65536,22515076,343.553
final-short-batches,1,4,7,baseline,65536,22733757,346.890
final-short-batches,1,4,7,candidate,65536,23749702,362.392
final-short-batches,1,4,8,baseline,65536,22559992,344.238
final-short-batches,1,4,8,candidate,65536,23511001,358.749
final-short-batches,1,4,9,baseline,65536,23691546,361.504
final-short-batches,1,4,9,candidate,65536,23544355,359.258
final-short-batches,16,64,1,baseline,2663,27580787,10357.036
final-short-batches,16,64,1,candidate,2663,12720510,4776.759
final-short-batches,16,64,2,baseline,2663,25154107,9445.778
final-short-batches,16,64,2,candidate,2663,13482371,5062.851
final-short-batches,16,64,3,baseline,2663,26451736,9933.059
final-short-batches,16,64,3,candidate,2663,13214687,4962.331
final-short-batches,16,64,4,baseline,2663,25569569,9601.791
final-short-batches,16,64,4,candidate,2663,12986671,4876.707
final-short-batches,16,64,5,baseline,2663,24801799,9313.481
final-short-batches,16,64,5,candidate,2663,13608947,5110.382
final-short-batches,16,64,6,baseline,2663,29088565,10923.231
final-short-batches,16,64,6,candidate,2663,17031721,6395.689
final-short-batches,16,64,7,baseline,2663,24827507,9323.134
final-short-batches,16,64,7,candidate,2663,13613283,5112.010
final-short-batches,16,64,8,baseline,2663,29558746,11099.792
final-short-batches,16,64,8,candidate,2663,14063486,5281.069
final-short-batches,16,64,9,baseline,2663,27015305,10144.688
final-short-batches,16,64,9,candidate,2663,13407250,5034.641
final-short-batches,256,128,1,baseline,128,38959012,304367.281
final-short-batches,256,128,1,candidate,128,38789974,303046.672
final-short-batches,256,128,2,baseline,128,38234217,298704.820
final-short-batches,256,128,2,candidate,128,39874679,311520.930
final-short-batches,256,128,3,baseline,128,39319943,307187.055
final-short-batches,256,128,3,candidate,128,39834070,311203.672
final-short-batches,256,128,4,baseline,128,39918254,311861.359
final-short-batches,256,128,4,candidate,128,51413706,401669.578
final-short-batches,256,128,5,baseline,128,38363187,299712.398
final-short-batches,256,128,5,candidate,128,41017590,320449.922
final-short-batches,256,128,6,baseline,128,40426711,315833.680
final-short-batches,256,128,6,candidate,128,41151147,321493.336
final-short-batches,256,128,7,baseline,128,41530716,324458.719
final-short-batches,256,128,7,candidate,128,42372373,331034.164
final-short-batches,256,128,8,baseline,128,40526107,316610.211
final-short-batches,256,128,8,candidate,128,41010670,320395.859
final-short-batches,256,128,9,baseline,128,42793743,334326.117
final-short-batches,256,128,9,candidate,128,39329848,307264.438
final-short-batches,256,259,1,baseline,128,83177231,649822.117
final-short-batches,256,259,1,candidate,128,82481908,644389.906
final-short-batches,256,259,2,baseline,128,83524211,652532.898
final-short-batches,256,259,2,candidate,128,83163471,649714.617
final-short-batches,256,259,3,baseline,128,88078940,688116.719
final-short-batches,256,259,3,candidate,128,81174706,634177.391
final-short-batches,256,259,4,baseline,128,81714329,638393.195
final-short-batches,256,259,4,candidate,128,84897200,663259.375
final-short-batches,256,259,5,baseline,128,85578633,668583.070
final-short-batches,256,259,5,candidate,128,80475016,628711.062
final-short-batches,256,259,6,baseline,128,78330322,611955.641
final-short-batches,256,259,6,candidate,128,81403833,635967.445
final-short-batches,256,259,7,baseline,128,92205941,720358.914
final-short-batches,256,259,7,candidate,128,80531229,629150.227
final-short-batches,256,259,8,baseline,128,78409388,612573.344
final-short-batches,256,259,8,candidate,128,82841487,647199.117
final-short-batches,256,259,9,baseline,128,77464458,605191.078
final-short-batches,256,259,9,candidate,128,81368851,635694.148
final-short-batches,256,260,1,baseline,128,89899778,702342.016
final-short-batches,256,260,1,candidate,128,78806232,615673.688
final-short-batches,256,260,2,baseline,128,78384731,612380.711
final-short-batches,256,260,2,candidate,128,83084669,649098.977
final-short-batches,256,260,3,baseline,128,89191507,696808.648
final-short-batches,256,260,3,candidate,128,100408861,784444.227
final-short-batches,256,260,4,baseline,128,84992201,664001.570
final-short-batches,256,260,4,candidate,128,109156772,852787.281
final-short-batches,256,260,5,baseline,128,79309162,619602.828
final-short-batches,256,260,5,candidate,128,80027068,625211.469
final-short-batches,256,260,6,baseline,128,78402647,612520.680
final-short-batches,256,260,6,candidate,128,80795897,631217.945
final-short-batches,256,260,7,baseline,128,93568194,731001.516
final-short-batches,256,260,7,candidate,128,79835346,623713.641
final-short-batches,256,260,8,baseline,128,80894473,631988.070
final-short-batches,256,260,8,candidate,128,89621239,700165.930
final-short-batches,256,260,9,baseline,128,84578531,660769.773
final-short-batches,256,260,9,candidate,128,84505705,660200.820
final-short-batches,256,512,1,baseline,128,168123162,1313462.203
final-short-batches,256,512,1,candidate,128,97586835,762397.148
final-short-batches,256,512,2,baseline,128,166271729,1298997.883
final-short-batches,256,512,2,candidate,128,100249261,783197.352
final-short-batches,256,512,3,baseline,128,157602018,1231265.766
final-short-batches,256,512,3,candidate,128,97320664,760317.688
final-short-batches,256,512,4,baseline,128,153799115,1201555.586
final-short-batches,256,512,4,candidate,128,97555469,762152.102
final-short-batches,256,512,5,baseline,128,168841410,1319073.516
final-short-batches,256,512,5,candidate,128,97355806,760592.234
final-short-batches,256,512,6,baseline,128,153794047,1201515.992
final-short-batches,256,512,6,candidate,128,96727802,755685.953
final-short-batches,256,512,7,baseline,128,154626601,1208020.320
final-short-batches,256,512,7,candidate,128,97182890,759241.328
final-short-batches,256,512,8,baseline,128,157844785,1233162.383
final-short-batches,256,512,8,candidate,128,105362522,823144.703
final-short-batches,256,512,9,baseline,128,153687500,1200683.594
final-short-batches,256,512,9,candidate,128,96699928,755468.188
final-short-batches,3,8,1,baseline,65536,46731023,713.059
final-short-batches,3,8,1,candidate,65536,44305616,676.050
final-short-batches,3,8,2,baseline,65536,41387464,631.523
final-short-batches,3,8,2,candidate,65536,38795521,591.973
final-short-batches,3,8,3,baseline,65536,41427643,632.136
final-short-batches,3,8,3,candidate,65536,43985455,671.165
final-short-batches,3,8,4,baseline,65536,42027926,641.295
final-short-batches,3,8,4,candidate,65536,39072840,596.204
final-short-batches,3,8,5,baseline,65536,40769745,622.097
final-short-batches,3,8,5,candidate,65536,38798656,592.021
final-short-batches,3,8,6,baseline,65536,41405010,631.790
final-short-batches,3,8,6,candidate,65536,41349738,630.947
final-short-batches,3,8,7,baseline,65536,40207208,613.513
final-short-batches,3,8,7,candidate,65536,52415719,799.800
final-short-batches,3,8,8,baseline,65536,41738200,636.874
final-short-batches,3,8,8,candidate,65536,39748433,606.513
final-short-batches,3,8,9,baseline,65536,41918084,639.619
final-short-batches,3,8,9,candidate,65536,39793059,607.194
final-short-batches,8,16,1,baseline,21306,35303395,1656.970
final-short-batches,8,16,1,candidate,21306,28564795,1340.693
final-short-batches,8,16,2,baseline,21306,35865633,1683.358
final-short-batches,8,16,2,candidate,21306,26950339,1264.918
final-short-batches,8,16,3,baseline,21306,34414899,1615.268
final-short-batches,8,16,3,candidate,21306,33102068,1553.650
final-short-batches,8,16,4,baseline,21306,35393569,1661.202
final-short-batches,8,16,4,candidate,21306,30024637,1409.210
final-short-batches,8,16,5,baseline,21306,35269606,1655.384
final-short-batches,8,16,5,candidate,21306,27499929,1290.713
final-short-batches,8,16,6,baseline,21306,34236366,1606.888
final-short-batches,8,16,6,candidate,21306,26896070,1262.371
final-short-batches,8,16,7,baseline,21306,36930349,1733.331
final-short-batches,8,16,7,candidate,21306,28834180,1353.336
final-short-batches,8,16,8,baseline,21306,50181704,2355.285
final-short-batches,8,16,8,candidate,21306,32382299,1519.868
final-short-batches,8,16,9,baseline,21306,35139505,1649.277
final-short-batches,8,16,9,candidate,21306,28135843,1320.560
final,1,1,1,baseline,1048576,245425671,234.056
final,1,1,1,candidate,1048576,233532981,222.714
final,1,1,2,baseline,1048576,221024205,210.785
final,1,1,2,candidate,1048576,252371275,240.680
final,1,1,3,baseline,1048576,234644000,223.774
final,1,1,3,candidate,1048576,238839825,227.775
final,1,1,4,baseline,1048576,247406589,235.945
final,1,1,4,candidate,1048576,287282617,273.974
final,1,1,5,baseline,1048576,225620615,215.169
final,1,1,5,candidate,1048576,247045453,235.601
final,1,1,6,baseline,1048576,234611187,223.743
final,1,1,6,candidate,1048576,272690898,260.058
final,1,1,7,baseline,1048576,221450532,211.192
final,1,1,7,candidate,1048576,270989125,258.435
final,1,1,8,baseline,1048576,224652687,214.245
final,1,1,8,candidate,1048576,285208727,271.996
final,1,1,9,baseline,1048576,228118235,217.551
final,1,1,9,candidate,1048576,246242122,234.835
final,1,4,1,baseline,681818,234999255,344.666
final,1,4,1,candidate,681818,242353215,355.451
final,1,4,2,baseline,681818,244298589,358.305
final,1,4,2,candidate,681818,239698392,351.558
final,1,4,3,baseline,681818,238391601,349.641
final,1,4,3,candidate,681818,236770699,347.264
final,1,4,4,baseline,681818,251255172,368.508
final,1,4,4,candidate,681818,246470989,361.491
final,1,4,5,baseline,681818,251441465,368.781
final,1,4,5,candidate,681818,248965401,365.149
final,1,4,6,baseline,681818,233960227,343.142
final,1,4,6,candidate,681818,258235243,378.745
final,1,4,7,baseline,681818,252318453,370.067
final,1,4,7,candidate,681818,232597672,341.143
final,1,4,8,baseline,681818,236779702,347.277
final,1,4,8,candidate,681818,237158880,347.833
final,1,4,9,baseline,681818,232965843,341.683
final,1,4,9,candidate,681818,242886252,356.233
final,16,64,1,baseline,2663,33921281,12737.995
final,16,64,1,candidate,2663,13506512,5071.916
final,16,64,2,baseline,2663,26651574,10008.101
final,16,64,2,candidate,2663,13619239,5114.247
final,16,64,3,baseline,2663,24185999,9082.238
final,16,64,3,candidate,2663,13712296,5149.191
final,16,64,4,baseline,2663,25528303,9586.295
final,16,64,4,candidate,2663,13211369,4961.085
final,16,64,5,baseline,2663,25828644,9699.078
final,16,64,5,candidate,2663,12740717,4784.347
final,16,64,6,baseline,2663,27257926,10235.796
final,16,64,6,candidate,2663,12734617,4782.057
final,16,64,7,baseline,2663,24357881,9146.782
final,16,64,7,candidate,2663,12475187,4684.637
final,16,64,8,baseline,2663,24768284,9300.895
final,16,64,8,candidate,2663,12487404,4689.224
final,16,64,9,baseline,2663,26366605,9901.091
final,16,64,9,candidate,2663,13000148,4881.768
final,256,128,1,baseline,128,50850621,397270.477
final,256,128,1,candidate,128,38993074,304633.391
final,256,128,2,baseline,128,49446056,386297.312
final,256,128,2,candidate,128,44821986,350171.766
final,256,128,3,baseline,128,38131848,297905.062
final,256,128,3,candidate,128,39140059,305781.711
final,256,128,4,baseline,128,39025662,304887.984
final,256,128,4,candidate,128,38646954,301929.328
final,256,128,5,baseline,128,38040994,297195.266
final,256,128,5,candidate,128,38258954,298898.078
final,256,128,6,baseline,128,38897463,303886.430
final,256,128,6,candidate,128,38659923,302030.648
final,256,128,7,baseline,128,40453261,316041.102
final,256,128,7,candidate,128,39239046,306555.047
final,256,128,8,baseline,128,39538075,308891.211
final,256,128,8,candidate,128,39832644,311192.531
final,256,128,9,baseline,128,37631692,293997.594
final,256,128,9,candidate,128,39183110,306118.047
final,256,259,1,baseline,128,79566997,621617.164
final,256,259,1,candidate,128,84903981,663312.352
final,256,259,2,baseline,128,79392961,620257.508
final,256,259,2,candidate,128,82530272,644767.750
final,256,259,3,baseline,128,80554077,629328.727
final,256,259,3,candidate,128,78620906,614225.828
final,256,259,4,baseline,128,79421453,620480.102
final,256,259,4,candidate,128,77801141,607821.414
final,256,259,5,baseline,128,78413691,612606.961
final,256,259,5,candidate,128,83941496,655792.938
final,256,259,6,baseline,128,83914276,655580.281
final,256,259,6,candidate,128,79277350,619354.297
final,256,259,7,baseline,128,77209861,603202.039
final,256,259,7,candidate,128,76599450,598433.203
final,256,259,8,baseline,128,78405159,612540.305
final,256,259,8,candidate,128,80855831,631686.180
final,256,259,9,baseline,128,78991761,617123.133
final,256,259,9,candidate,128,87241586,681574.891
final,256,260,1,baseline,128,78630680,614302.188
final,256,260,1,candidate,128,84114731,657146.336
final,256,260,2,baseline,128,79118988,618117.094
final,256,260,2,candidate,128,77281106,603758.641
final,256,260,3,baseline,128,84646543,661301.117
final,256,260,3,candidate,128,81355996,635593.719
final,256,260,4,baseline,128,76707132,599274.469
final,256,260,4,candidate,128,78899365,616401.289
final,256,260,5,baseline,128,77401544,604699.562
final,256,260,5,candidate,128,82555629,644965.852
final,256,260,6,baseline,128,80232235,626814.336
final,256,260,6,candidate,128,77514189,605579.602
final,256,260,7,baseline,128,81428452,636159.781
final,256,260,7,candidate,128,80780640,631098.750
final,256,260,8,baseline,128,78009505,609449.258
final,256,260,8,candidate,128,81066812,633334.469
final,256,260,9,baseline,128,87727248,685369.125
final,256,260,9,candidate,128,78926706,616614.891
final,256,512,1,baseline,128,153410399,1198518.742
final,256,512,1,candidate,128,96700894,755475.734
final,256,512,2,baseline,128,194569090,1520071.016
final,256,512,2,candidate,128,102831000,803367.188
final,256,512,3,baseline,128,183979217,1437337.633
final,256,512,3,candidate,128,106436231,831533.055
final,256,512,4,baseline,128,162296657,1267942.633
final,256,512,4,candidate,128,100495484,785120.969
final,256,512,5,baseline,128,187894625,1467926.758
final,256,512,5,candidate,128,99814363,779799.711
final,256,512,6,baseline,128,163137153,1274509.008
final,256,512,6,candidate,128,109356014,854343.859
final,256,512,7,baseline,128,161493305,1261666.445
final,256,512,7,candidate,128,99362558,776269.984
final,256,512,8,baseline,128,166200382,1298440.484
final,256,512,8,candidate,128,99729418,779136.078
final,256,512,9,baseline,128,161840866,1264381.766
final,256,512,9,candidate,128,106862347,834862.086
final,3,8,1,baseline,113636,70640906,621.642
final,3,8,1,candidate,113636,67459867,593.649
final,3,8,2,baseline,113636,74180091,652.787
final,3,8,2,candidate,113636,66797844,587.823
final,3,8,3,baseline,113636,72554390,638.481
final,3,8,3,candidate,113636,69758638,613.878
final,3,8,4,baseline,113636,74163457,652.641
final,3,8,4,candidate,113636,68107559,599.348
final,3,8,5,baseline,113636,71149563,626.118
final,3,8,5,candidate,113636,68419564,602.094
final,3,8,6,baseline,113636,70212736,617.874
final,3,8,6,candidate,113636,69229670,609.223
final,3,8,7,baseline,113636,71468722,628.927
final,3,8,7,candidate,113636,69347364,610.259
final,3,8,8,baseline,113636,71407904,628.392
final,3,8,8,candidate,113636,66034612,581.106
final,3,8,9,baseline,113636,71992103,633.533
final,3,8,9,candidate,113636,65757004,578.663
final,8,16,1,baseline,21306,34563149,1622.226
final,8,16,1,candidate,21306,27629762,1296.807
final,8,16,2,baseline,21306,34037867,1597.572
final,8,16,2,candidate,21306,26229172,1231.070
final,8,16,3,baseline,21306,33550610,1574.702
final,8,16,3,candidate,21306,26899759,1262.544
final,8,16,4,baseline,21306,35768622,1678.805
final,8,16,4,candidate,21306,27149486,1274.265
final,8,16,5,baseline,21306,36837754,1728.985
final,8,16,5,candidate,21306,29499141,1384.546
final,8,16,6,baseline,21306,36526967,1714.398
final,8,16,6,candidate,21306,27368469,1284.543
final,8,16,7,baseline,21306,38028145,1784.856
final,8,16,7,candidate,21306,32506664,1525.705
final,8,16,8,baseline,21306,33957178,1593.785
final,8,16,8,candidate,21306,31510300,1478.940
final,8,16,9,baseline,21306,34228177,1606.504
final,8,16,9,candidate,21306,27458321,1288.760
