experiment,taps,block,round_zero_based,kernel,seconds_per_call
safe-unroll,128,1536,0,base,0.000160132
safe-unroll,128,1536,0,u2,0.000124427
safe-unroll,128,1536,0,u4,0.000104252
safe-unroll,128,1536,1,u4,0.000105063
safe-unroll,128,1536,1,u2,0.000123049
safe-unroll,128,1536,1,base,0.000152291
safe-unroll,128,1536,2,base,0.000154012
safe-unroll,128,1536,2,u2,0.000115076
safe-unroll,128,1536,2,u4,0.000107258
safe-unroll,128,1536,3,u4,0.000100984
safe-unroll,128,1536,3,u2,0.000109580
safe-unroll,128,1536,3,base,0.000145360
safe-unroll,128,1536,4,base,0.000150239
safe-unroll,128,1536,4,u2,0.000118526
safe-unroll,128,1536,4,u4,0.000105027
safe-unroll,128,1536,5,u4,0.000098969
safe-unroll,128,1536,5,u2,0.000115205
safe-unroll,128,1536,5,base,0.000143806
safe-unroll,128,1536,6,base,0.000146135
safe-unroll,128,1536,6,u2,0.000108838
safe-unroll,128,1536,6,u4,0.000103873
safe-unroll,128,1536,7,u4,0.000101208
safe-unroll,128,1536,7,u2,0.000109504
safe-unroll,128,1536,7,base,0.000141396
safe-unroll,128,1536,8,base,0.000142329
safe-unroll,128,1536,8,u2,0.000109826
safe-unroll,128,1536,8,u4,0.000107261
safe-unroll,256,1536,0,base,0.000266183
safe-unroll,256,1536,0,u2,0.000202050
safe-unroll,256,1536,0,u4,0.000187890
safe-unroll,256,1536,1,u4,0.000188399
safe-unroll,256,1536,1,u2,0.000209183
safe-unroll,256,1536,1,base,0.000269243
safe-unroll,256,1536,2,base,0.000264576
safe-unroll,256,1536,2,u2,0.000200451
safe-unroll,256,1536,2,u4,0.000186226
safe-unroll,256,1536,3,u4,0.000187441
safe-unroll,256,1536,3,u2,0.000200781
safe-unroll,256,1536,3,base,0.000270053
safe-unroll,256,1536,4,base,0.000272932
safe-unroll,256,1536,4,u2,0.000206089
safe-unroll,256,1536,4,u4,0.000186642
safe-unroll,256,1536,5,u4,0.000189153
safe-unroll,256,1536,5,u2,0.000206834
safe-unroll,256,1536,5,base,0.000282866
safe-unroll,256,1536,6,base,0.000278128
safe-unroll,256,1536,6,u2,0.000207376
safe-unroll,256,1536,6,u4,0.000180896
safe-unroll,256,1536,7,u4,0.000189045
safe-unroll,256,1536,7,u2,0.000204023
safe-unroll,256,1536,7,base,0.000271016
safe-unroll,256,1536,8,base,0.000277933
safe-unroll,256,1536,8,u2,0.000198948
safe-unroll,256,1536,8,u4,0.000175655
safe-unroll,512,1536,0,base,0.000443313
safe-unroll,512,1536,0,u2,0.000320920
safe-unroll,512,1536,0,u4,0.000301585
safe-unroll,512,1536,1,u4,0.000292823
safe-unroll,512,1536,1,u2,0.000319253
safe-unroll,512,1536,1,base,0.000449138
safe-unroll,512,1536,2,base,0.000447853
safe-unroll,512,1536,2,u2,0.000326475
safe-unroll,512,1536,2,u4,0.000297274
safe-unroll,512,1536,3,u4,0.000304267
safe-unroll,512,1536,3,u2,0.000326060
safe-unroll,512,1536,3,base,0.000447342
safe-unroll,512,1536,4,base,0.000474190
safe-unroll,512,1536,4,u2,0.000329373
safe-unroll,512,1536,4,u4,0.000300211
safe-unroll,512,1536,5,u4,0.000289931
safe-unroll,512,1536,5,u2,0.000330722
safe-unroll,512,1536,5,base,0.000445625
safe-unroll,512,1536,6,base,0.000449840
safe-unroll,512,1536,6,u2,0.000409372
safe-unroll,512,1536,6,u4,0.000468411
safe-unroll,512,1536,7,u4,0.000379542
safe-unroll,512,1536,7,u2,0.000467823
safe-unroll,512,1536,7,base,0.000665136
safe-unroll,512,1536,8,base,0.000632822
safe-unroll,512,1536,8,u2,0.000446194
safe-unroll,512,1536,8,u4,0.000428764
safe-unroll,8,64,0,base,0.000000404
safe-unroll,8,64,0,u2,0.000000450
safe-unroll,8,64,0,u4,0.000000404
safe-unroll,8,64,1,u4,0.000000355
safe-unroll,8,64,1,u2,0.000000386
safe-unroll,8,64,1,base,0.000000409
safe-unroll,8,64,2,base,0.000000368
safe-unroll,8,64,2,u2,0.000000370
safe-unroll,8,64,2,u4,0.000000365
safe-unroll,8,64,3,u4,0.000000366
safe-unroll,8,64,3,u2,0.000000368
safe-unroll,8,64,3,base,0.000000363
safe-unroll,8,64,4,base,0.000000345
safe-unroll,8,64,4,u2,0.000000386
safe-unroll,8,64,4,u4,0.000000337
safe-unroll,8,64,5,u4,0.000000355
safe-unroll,8,64,5,u2,0.000000360
safe-unroll,8,64,5,base,0.000000426
safe-unroll,8,64,6,base,0.000000342
safe-unroll,8,64,6,u2,0.000000385
safe-unroll,8,64,6,u4,0.000000331
safe-unroll,8,64,7,u4,0.000000333
safe-unroll,8,64,7,u2,0.000000355
safe-unroll,8,64,7,base,0.000000342
safe-unroll,8,64,8,base,0.000000343
safe-unroll,8,64,8,u2,0.000000408
safe-unroll,8,64,8,u4,0.000000365
safe-unroll,128,129,0,base,0.000000237
safe-unroll,128,129,0,u2,0.000000181
safe-unroll,128,129,0,u4,0.000000238
safe-unroll,128,129,1,u4,0.000000237
safe-unroll,128,129,1,u2,0.000000207
safe-unroll,128,129,1,base,0.000000230
safe-unroll,128,129,2,base,0.000000254
safe-unroll,128,129,2,u2,0.000000167
safe-unroll,128,129,2,u4,0.000000233
safe-unroll,128,129,3,u4,0.000000253
safe-unroll,128,129,3,u2,0.000000184
safe-unroll,128,129,3,base,0.000000231
safe-unroll,128,129,4,base,0.000000250
safe-unroll,128,129,4,u2,0.000000166
safe-unroll,128,129,4,u4,0.000000243
safe-unroll,128,129,5,u4,0.000000225
safe-unroll,128,129,5,u2,0.000000176
safe-unroll,128,129,5,base,0.000000231
safe-unroll,128,129,6,base,0.000000235
safe-unroll,128,129,6,u2,0.000000183
safe-unroll,128,129,6,u4,0.000000236
safe-unroll,128,129,7,u4,0.000000240
safe-unroll,128,129,7,u2,0.000000194
safe-unroll,128,129,7,base,0.000000238
safe-unroll,128,129,8,base,0.000000242
safe-unroll,128,129,8,u2,0.000000178
safe-unroll,128,129,8,u4,0.000000234
avx,128,1536,0,base,0.000141721
avx,128,1536,0,u2,0.000117287
avx,128,1536,0,u4,0.000101891
avx,128,1536,0,avx,0.000036172
avx,128,1536,1,avx,0.000038016
avx,128,1536,1,u4,0.000104183
avx,128,1536,1,u2,0.000109611
avx,128,1536,1,base,0.000146861
avx,128,1536,2,base,0.000142131
avx,128,1536,2,u2,0.000112985
avx,128,1536,2,u4,0.000104307
avx,128,1536,2,avx,0.000036895
avx,128,1536,3,avx,0.000067093
avx,128,1536,3,u4,0.000118540
avx,128,1536,3,u2,0.000112892
avx,128,1536,3,base,0.000141377
avx,128,1536,4,base,0.000141567
avx,128,1536,4,u2,0.000106507
avx,128,1536,4,u4,0.000101465
avx,128,1536,4,avx,0.000037381
avx,128,1536,5,avx,0.000035518
avx,128,1536,5,u4,0.000099453
avx,128,1536,5,u2,0.000108490
avx,128,1536,5,base,0.000145523
avx,128,1536,6,base,0.000141935
avx,128,1536,6,u2,0.000109974
avx,128,1536,6,u4,0.000101532
avx,128,1536,6,avx,0.000040445
avx,128,1536,7,avx,0.000035858
avx,128,1536,7,u4,0.000104091
avx,128,1536,7,u2,0.000108402
avx,128,1536,7,base,0.000144153
avx,128,1536,8,base,0.000141015
avx,128,1536,8,u2,0.000111075
avx,128,1536,8,u4,0.000103722
avx,128,1536,8,avx,0.000038771
avx,256,1536,0,base,0.000260685
avx,256,1536,0,u2,0.000198747
avx,256,1536,0,u4,0.000177839
avx,256,1536,0,avx,0.000068544
avx,256,1536,1,avx,0.000068616
avx,256,1536,1,u4,0.000180299
avx,256,1536,1,u2,0.000196263
avx,256,1536,1,base,0.000259135
avx,256,1536,2,base,0.000269791
avx,256,1536,2,u2,0.000194396
avx,256,1536,2,u4,0.000183494
avx,256,1536,2,avx,0.000071661
avx,256,1536,3,avx,0.000066336
avx,256,1536,3,u4,0.000174644
avx,256,1536,3,u2,0.000206532
avx,256,1536,3,base,0.000357787
avx,256,1536,4,base,0.000272657
avx,256,1536,4,u2,0.000195439
avx,256,1536,4,u4,0.000186057
avx,256,1536,4,avx,0.000072062
avx,256,1536,5,avx,0.000066987
avx,256,1536,5,u4,0.000176873
avx,256,1536,5,u2,0.000195054
avx,256,1536,5,base,0.000285699
avx,256,1536,6,base,0.000266462
avx,256,1536,6,u2,0.000203720
avx,256,1536,6,u4,0.000176807
avx,256,1536,6,avx,0.000067607
avx,256,1536,7,avx,0.000066985
avx,256,1536,7,u4,0.000180395
avx,256,1536,7,u2,0.000203977
avx,256,1536,7,base,0.000266831
avx,256,1536,8,base,0.000273342
avx,256,1536,8,u2,0.000201675
avx,256,1536,8,u4,0.000181602
avx,256,1536,8,avx,0.000067787
avx,512,1536,0,base,0.000434000
avx,512,1536,0,u2,0.000326898
avx,512,1536,0,u4,0.000288233
avx,512,1536,0,avx,0.000114537
avx,512,1536,1,avx,0.000109847
avx,512,1536,1,u4,0.000292092
avx,512,1536,1,u2,0.000317876
avx,512,1536,1,base,0.000436462
avx,512,1536,2,base,0.000444591
avx,512,1536,2,u2,0.000315664
avx,512,1536,2,u4,0.000286444
avx,512,1536,2,avx,0.000111492
avx,512,1536,3,avx,0.000108464
avx,512,1536,3,u4,0.000302359
avx,512,1536,3,u2,0.000321109
avx,512,1536,3,base,0.000442469
avx,512,1536,4,base,0.000438362
avx,512,1536,4,u2,0.000321724
avx,512,1536,4,u4,0.000286020
avx,512,1536,4,avx,0.000108770
avx,512,1536,5,avx,0.000118149
avx,512,1536,5,u4,0.000293134
avx,512,1536,5,u2,0.000328696
avx,512,1536,5,base,0.000438447
avx,512,1536,6,base,0.000440118
avx,512,1536,6,u2,0.000336407
avx,512,1536,6,u4,0.000287145
avx,512,1536,6,avx,0.000113594
avx,512,1536,7,avx,0.000114019
avx,512,1536,7,u4,0.000280731
avx,512,1536,7,u2,0.000333621
avx,512,1536,7,base,0.000457375
avx,512,1536,8,base,0.000446112
avx,512,1536,8,u2,0.000326580
avx,512,1536,8,u4,0.000293567
avx,512,1536,8,avx,0.000109463
avx,8,64,0,base,0.000000331
avx,8,64,0,u2,0.000000350
avx,8,64,0,u4,0.000000323
avx,8,64,0,avx,0.000000112
avx,8,64,1,avx,0.000000114
avx,8,64,1,u4,0.000000327
avx,8,64,1,u2,0.000000366
avx,8,64,1,base,0.000000326
avx,8,64,2,base,0.000000344
avx,8,64,2,u2,0.000000346
avx,8,64,2,u4,0.000000326
avx,8,64,2,avx,0.000000114
avx,8,64,3,avx,0.000000110
avx,8,64,3,u4,0.000000328
avx,8,64,3,u2,0.000000353
avx,8,64,3,base,0.000000327
avx,8,64,4,base,0.000000343
avx,8,64,4,u2,0.000000355
avx,8,64,4,u4,0.000000340
avx,8,64,4,avx,0.000000115
avx,8,64,5,avx,0.000000115
avx,8,64,5,u4,0.000000324
avx,8,64,5,u2,0.000000366
avx,8,64,5,base,0.000000323
avx,8,64,6,base,0.000000338
avx,8,64,6,u2,0.000000353
avx,8,64,6,u4,0.000000327
avx,8,64,6,avx,0.000000136
avx,8,64,7,avx,0.000000118
avx,8,64,7,u4,0.000000333
avx,8,64,7,u2,0.000000351
avx,8,64,7,base,0.000000331
avx,8,64,8,base,0.000000330
avx,8,64,8,u2,0.000000354
avx,8,64,8,u4,0.000000323
avx,8,64,8,avx,0.000000121
avx,128,129,0,base,0.000000224
avx,128,129,0,u2,0.000000164
avx,128,129,0,u4,0.000000228
avx,128,129,0,avx,0.000000231
avx,128,129,1,avx,0.000000232
avx,128,129,1,u4,0.000000233
avx,128,129,1,u2,0.000000169
avx,128,129,1,base,0.000000229
avx,128,129,2,base,0.000000223
avx,128,129,2,u2,0.000000170
avx,128,129,2,u4,0.000000222
avx,128,129,2,avx,0.000000253
avx,128,129,3,avx,0.000000247
avx,128,129,3,u4,0.000000227
avx,128,129,3,u2,0.000000168
avx,128,129,3,base,0.000000230
avx,128,129,4,base,0.000000232
avx,128,129,4,u2,0.000000175
avx,128,129,4,u4,0.000000227
avx,128,129,4,avx,0.000000239
avx,128,129,5,avx,0.000000233
avx,128,129,5,u4,0.000000224
avx,128,129,5,u2,0.000000166
avx,128,129,5,base,0.000000232
avx,128,129,6,base,0.000000230
avx,128,129,6,u2,0.000000176
avx,128,129,6,u4,0.000000261
avx,128,129,6,avx,0.000000243
avx,128,129,7,avx,0.000000272
avx,128,129,7,u4,0.000000218
avx,128,129,7,u2,0.000000166
avx,128,129,7,base,0.000000229
avx,128,129,8,base,0.000000222
avx,128,129,8,u2,0.000000163
avx,128,129,8,u4,0.000000222
avx,128,129,8,avx,0.000000233
