case,input_sha256,mode,layout,repetition,run_order,input_access_units,output_samples,tail_samples,channels,baseline_external_process_wall_ns,baseline_summary_warmup_ns,baseline_summary_reset_after_warmup_ns,baseline_summary_init_ns,baseline_summary_first_pcm_output_after_au,baseline_summary_api_time_to_first_pcm_ns,baseline_summary_first_pcm_including_init_ns,baseline_summary_drain_loop_wall_including_output_write_ns,baseline_summary_api_pipeline_wall_ns,baseline_summary_api_pipeline_plus_init_ns,baseline_summary_api_pipeline_plus_orientation_control_ns,baseline_summary_orientation_inclusive_rtf_lower_is_better,baseline_summary_timing_only,baseline_summary_input_access_units,baseline_summary_output_frames,baseline_summary_output_sample_count,baseline_summary_tail_samples,baseline_summary_channel_count,baseline_summary_drain_api_wall_ns,baseline_summary_push_receive_sum_ns,baseline_summary_probe_process_cpu_ns,baseline_summary_processing_rtf_excludes_orientation_control_lower_is_better,baseline_summary_realtime_speed_higher_is_better,baseline_summary_ns_per_au,baseline_summary_ns_per_scalar_sample,baseline_summary_call_p50_ns,baseline_summary_call_p95_ns,baseline_summary_call_p99_ns,baseline_summary_call_max_ns,baseline_summary_steady_call_p50_ns_excludes_first_au,baseline_summary_steady_call_p95_ns_excludes_first_au,baseline_summary_steady_call_p99_ns_excludes_first_au,baseline_summary_steady_call_max_ns_excludes_first_au,baseline_summary_program_audio_seconds,baseline_summary_orientation_prepare_total_ns,baseline_summary_input_sha256,baseline_summary_config_fingerprint,baseline_summary_config_descriptor_hex,baseline_summary_latency_samples,baseline_summary_mode,baseline_summary_layout,baseline_allocation_au_alloc_calls_total,baseline_allocation_au_alloc_calls_mean,baseline_allocation_au_realloc_calls_total,baseline_allocation_au_realloc_calls_mean,baseline_allocation_au_dealloc_calls_total,baseline_allocation_au_dealloc_calls_mean,baseline_allocation_au_requested_bytes_total,baseline_allocation_au_requested_bytes_mean,candidate_external_process_wall_ns,candidate_summary_warmup_ns,candidate_summary_reset_after_warmup_ns,candidate_summary_init_ns,candidate_summary_first_pcm_output_after_au,candidate_summary_api_time_to_first_pcm_ns,candidate_summary_first_pcm_including_init_ns,candidate_summary_drain_loop_wall_including_output_write_ns,candidate_summary_api_pipeline_wall_ns,candidate_summary_api_pipeline_plus_init_ns,candidate_summary_api_pipeline_plus_orientation_control_ns,candidate_summary_orientation_inclusive_rtf_lower_is_better,candidate_summary_timing_only,candidate_summary_input_access_units,candidate_summary_output_frames,candidate_summary_output_sample_count,candidate_summary_tail_samples,candidate_summary_channel_count,candidate_summary_drain_api_wall_ns,candidate_summary_push_receive_sum_ns,candidate_summary_probe_process_cpu_ns,candidate_summary_processing_rtf_excludes_orientation_control_lower_is_better,candidate_summary_realtime_speed_higher_is_better,candidate_summary_ns_per_au,candidate_summary_ns_per_scalar_sample,candidate_summary_call_p50_ns,candidate_summary_call_p95_ns,candidate_summary_call_p99_ns,candidate_summary_call_max_ns,candidate_summary_steady_call_p50_ns_excludes_first_au,candidate_summary_steady_call_p95_ns_excludes_first_au,candidate_summary_steady_call_p99_ns_excludes_first_au,candidate_summary_steady_call_max_ns_excludes_first_au,candidate_summary_program_audio_seconds,candidate_summary_orientation_prepare_total_ns,candidate_summary_input_sha256,candidate_summary_config_fingerprint,candidate_summary_config_descriptor_hex,candidate_summary_latency_samples,candidate_summary_mode,candidate_summary_layout,candidate_allocation_au_alloc_calls_total,candidate_allocation_au_alloc_calls_mean,candidate_allocation_au_realloc_calls_total,candidate_allocation_au_realloc_calls_mean,candidate_allocation_au_dealloc_calls_total,candidate_allocation_au_dealloc_calls_mean,candidate_allocation_au_requested_bytes_total,candidate_allocation_au_requested_bytes_mean
default-stereo30,a44fc36470d07f98c68053c9015e3cb169a21af927b1b3b93bd5712a42234671,stereo,2.0,1,baseline-candidate,938,1440800,1568,2,3759848935,36232705,2494,133907,1,7471123,7605030,1333005,3716332829,3716466736,3716332829,0.123811728,true,938,939,1440800,1568,2,1332834,3714999995,3715418403,0.123811728,8.076779282,3960554.366,1289.676856,3866758,4492617,5533032,7495835,3866939,4492617,5533032,7495835,30.016000,0,a44fc36470d07f98c68053c9015e3cb169a21af927b1b3b93bd5712a42234671,e772bff80e49850080a7156de50858149a7a6e81715b6a6df9bed3e152c92ab2,6f70656e6a6f632d6566666563746976652d636f6e6669672d76310a72656e6465725f6d6f64653d73746572656f0a6c61796f75743d322e300a646f776e6d69783d6175746f0a6472633d6c696e650a6469616c6e6f726d3d64656661756c740a76616c69646174696f6e5f70726f66696c653d6175746f0a6f616d645f7472696d5f636f6e66696775726174696f6e5f636f756e743d390a66696e616c5f6c696e6b65645f6761696e3d656e61626c6564,609,stereo,322e30,0,0.000000,0,0.000000,0,0.000000,0,0.000000,3602972435,32259625,2634,128979,1,7426426,7555405,1328458,3564298554,3564427533,3564298554,0.118746620,true,938,939,1440800,1568,2,1328287,3562970267,3563993933,0.118746620,8.421292309,3798475.764,1236.916489,3744840,4089756,4302167,5371084,3745011,4089756,4302167,5371084,30.016000,0,a44fc36470d07f98c68053c9015e3cb169a21af927b1b3b93bd5712a42234671,e772bff80e49850080a7156de50858149a7a6e81715b6a6df9bed3e152c92ab2,6f70656e6a6f632d6566666563746976652d636f6e6669672d76310a72656e6465725f6d6f64653d73746572656f0a6c61796f75743d322e300a646f776e6d69783d6175746f0a6472633d6c696e650a6469616c6e6f726d3d64656661756c740a76616c69646174696f6e5f70726f66696c653d6175746f0a6f616d645f7472696d5f636f6e66696775726174696f6e5f636f756e743d390a66696e616c5f6c696e6b65645f6761696e3d656e61626c6564,609,stereo,322e30,0,0.000000,0,0.000000,0,0.000000,0,0.000000
default-stereo30,a44fc36470d07f98c68053c9015e3cb169a21af927b1b3b93bd5712a42234671,stereo,2.0,2,candidate-baseline,938,1440800,1568,2,3850336929,32759348,3095,127276,1,7390966,7518242,1462484,3810898235,3811025511,3810898235,0.126962228,true,938,939,1440800,1568,2,1462134,3809436101,3810008138,0.126962228,7.876358315,4061232.517,1322.493835,3901070,4781170,6072894,38044798,3903993,4781170,6072894,38044798,30.016000,0,a44fc36470d07f98c68053c9015e3cb169a21af927b1b3b93bd5712a42234671,e772bff80e49850080a7156de50858149a7a6e81715b6a6df9bed3e152c92ab2,6f70656e6a6f632d6566666563746976652d636f6e6669672d76310a72656e6465725f6d6f64653d73746572656f0a6c61796f75743d322e300a646f776e6d69783d6175746f0a6472633d6c696e650a6469616c6e6f726d3d64656661756c740a76616c69646174696f6e5f70726f66696c653d6175746f0a6f616d645f7472696d5f636f6e66696775726174696f6e5f636f756e743d390a66696e616c5f6c696e6b65645f6761696e3d656e61626c6564,609,stereo,322e30,0,0.000000,0,0.000000,0,0.000000,0,0.000000,3742984692,32556030,2834,141788,1,7483150,7624938,1334406,3704149248,3704291036,3704149248,0.123405825,true,938,939,1440800,1568,2,1334256,3702814992,3703699365,0.123405825,8.103345192,3947563.957,1285.448795,3838227,4503512,5301002,6856652,3839098,4503512,5301002,6856652,30.016000,0,a44fc36470d07f98c68053c9015e3cb169a21af927b1b3b93bd5712a42234671,e772bff80e49850080a7156de50858149a7a6e81715b6a6df9bed3e152c92ab2,6f70656e6a6f632d6566666563746976652d636f6e6669672d76310a72656e6465725f6d6f64653d73746572656f0a6c61796f75743d322e300a646f776e6d69783d6175746f0a6472633d6c696e650a6469616c6e6f726d3d64656661756c740a76616c69646174696f6e5f70726f66696c653d6175746f0a6f616d645f7472696d5f636f6e66696775726174696f6e5f636f756e743d390a66696e616c5f6c696e6b65645f6761696e3d656e61626c6564,609,stereo,322e30,0,0.000000,0,0.000000,0,0.000000,0,0.000000
default-stereo30,a44fc36470d07f98c68053c9015e3cb169a21af927b1b3b93bd5712a42234671,stereo,2.0,3,baseline-candidate,938,1440800,1568,2,3693557396,32814789,3144,131002,1,7436272,7567274,1332935,3654021823,3654152825,3654021823,0.121735802,true,938,939,1440800,1568,2,1332794,3652689029,3648904079,0.121735802,8.214510327,3894124.764,1268.053103,3829074,4237614,4571263,6734834,3829735,4237614,4571263,6734834,30.016000,0,a44fc36470d07f98c68053c9015e3cb169a21af927b1b3b93bd5712a42234671,e772bff80e49850080a7156de50858149a7a6e81715b6a6df9bed3e152c92ab2,6f70656e6a6f632d6566666563746976652d636f6e6669672d76310a72656e6465725f6d6f64653d73746572656f0a6c61796f75743d322e300a646f776e6d69783d6175746f0a6472633d6c696e650a6469616c6e6f726d3d64656661756c740a76616c69646174696f6e5f70726f66696c653d6175746f0a6f616d645f7472696d5f636f6e66696775726174696f6e5f636f756e743d390a66696e616c5f6c696e6b65645f6761696e3d656e61626c6564,609,stereo,322e30,0,0.000000,0,0.000000,0,0.000000,0,0.000000,3830571698,33765352,2563,137942,1,7969686,8107628,1309680,3790346346,3790484288,3790346346,0.126277530,true,938,939,1440800,1568,2,1309239,3789037107,3787581722,0.126277530,7.919065241,4039485.189,1315.361725,3918796,4680892,6126203,9877181,3918796,4680892,6126203,9877181,30.016000,0,a44fc36470d07f98c68053c9015e3cb169a21af927b1b3b93bd5712a42234671,e772bff80e49850080a7156de50858149a7a6e81715b6a6df9bed3e152c92ab2,6f70656e6a6f632d6566666563746976652d636f6e6669672d76310a72656e6465725f6d6f64653d73746572656f0a6c61796f75743d322e300a646f776e6d69783d6175746f0a6472633d6c696e650a6469616c6e6f726d3d64656661756c740a76616c69646174696f6e5f70726f66696c653d6175746f0a6f616d645f7472696d5f636f6e66696775726174696f6e5f636f756e743d390a66696e616c5f6c696e6b65645f6761696e3d656e61626c6564,609,stereo,322e30,0,0.000000,0,0.000000,0,0.000000,0,0.000000
default-stereo30,a44fc36470d07f98c68053c9015e3cb169a21af927b1b3b93bd5712a42234671,stereo,2.0,4,candidate-baseline,938,1440800,1568,2,3656107779,33374480,2774,143480,1,7780828,7924308,1330450,3615702688,3615846168,3615702688,0.120459178,true,938,939,1440800,1568,2,1330250,3614372438,3613154900,0.120459178,8.301567521,3853275.520,1254.755236,3789646,4193799,4463544,5212533,3789646,4193799,4463544,5212533,30.016000,0,a44fc36470d07f98c68053c9015e3cb169a21af927b1b3b93bd5712a42234671,e772bff80e49850080a7156de50858149a7a6e81715b6a6df9bed3e152c92ab2,6f70656e6a6f632d6566666563746976652d636f6e6669672d76310a72656e6465725f6d6f64653d73746572656f0a6c61796f75743d322e300a646f776e6d69783d6175746f0a6472633d6c696e650a6469616c6e6f726d3d64656661756c740a76616c69646174696f6e5f70726f66696c653d6175746f0a6f616d645f7472696d5f636f6e66696775726174696f6e5f636f756e743d390a66696e616c5f6c696e6b65645f6761696e3d656e61626c6564,609,stereo,322e30,0,0.000000,0,0.000000,0,0.000000,0,0.000000,4014077562,40238042,3295,154166,1,8640918,8795084,1336019,3965682112,3965836278,3965682112,0.132118940,true,938,939,1440800,1568,2,1335849,3964346263,3965281765,0.132118940,7.568937487,4226381.943,1376.208395,3991683,5446806,7208367,18014060,3993185,5446806,7208367,18014060,30.016000,0,a44fc36470d07f98c68053c9015e3cb169a21af927b1b3b93bd5712a42234671,e772bff80e49850080a7156de50858149a7a6e81715b6a6df9bed3e152c92ab2,6f70656e6a6f632d6566666563746976652d636f6e6669672d76310a72656e6465725f6d6f64653d73746572656f0a6c61796f75743d322e300a646f776e6d69783d6175746f0a6472633d6c696e650a6469616c6e6f726d3d64656661756c740a76616c69646174696f6e5f70726f66696c653d6175746f0a6f616d645f7472696d5f636f6e66696775726174696f6e5f636f756e743d390a66696e616c5f6c696e6b65645f6761696e3d656e61626c6564,609,stereo,322e30,0,0.000000,0,0.000000,0,0.000000,0,0.000000
default-stereo30,a44fc36470d07f98c68053c9015e3cb169a21af927b1b3b93bd5712a42234671,stereo,2.0,5,baseline-candidate,938,1440800,1568,2,3746876526,32590891,2264,129921,1,7563629,7693550,1357490,3707524399,3707654320,3707524399,0.123518270,true,938,939,1440800,1568,2,1357319,3706167080,3707240938,0.123518270,8.095968298,3951137.612,1286.620072,3866228,4418228,5318287,7112838,3867329,4418228,5318287,7112838,30.016000,0,a44fc36470d07f98c68053c9015e3cb169a21af927b1b3b93bd5712a42234671,e772bff80e49850080a7156de50858149a7a6e81715b6a6df9bed3e152c92ab2,6f70656e6a6f632d6566666563746976652d636f6e6669672d76310a72656e6465725f6d6f64653d73746572656f0a6c61796f75743d322e300a646f776e6d69783d6175746f0a6472633d6c696e650a6469616c6e6f726d3d64656661756c740a76616c69646174696f6e5f70726f66696c653d6175746f0a6f616d645f7472696d5f636f6e66696775726174696f6e5f636f756e743d390a66696e616c5f6c696e6b65645f6761696e3d656e61626c6564,609,stereo,322e30,0,0.000000,0,0.000000,0,0.000000,0,0.000000,3797541164,34537887,2644,129350,1,8164670,8294020,1374595,3756342040,3756471390,3756342040,0.125144658,true,938,939,1440800,1568,2,1374424,3754967616,3756224615,0.125144658,7.990752621,4003163.770,1303.561230,3907730,4595056,5574703,7265352,3909462,4595056,5574703,7265352,30.016000,0,a44fc36470d07f98c68053c9015e3cb169a21af927b1b3b93bd5712a42234671,e772bff80e49850080a7156de50858149a7a6e81715b6a6df9bed3e152c92ab2,6f70656e6a6f632d6566666563746976652d636f6e6669672d76310a72656e6465725f6d6f64653d73746572656f0a6c61796f75743d322e300a646f776e6d69783d6175746f0a6472633d6c696e650a6469616c6e6f726d3d64656661756c740a76616c69646174696f6e5f70726f66696c653d6175746f0a6f616d645f7472696d5f636f6e66696775726174696f6e5f636f756e743d390a66696e616c5f6c696e6b65645f6761696e3d656e61626c6564,609,stereo,322e30,0,0.000000,0,0.000000,0,0.000000,0,0.000000
speaker714-30,a44fc36470d07f98c68053c9015e3cb169a21af927b1b3b93bd5712a42234671,speaker,7.1.4,1,baseline-candidate,938,1440800,1568,12,4164892875,38599091,8302,146735,1,8234742,8381477,1895820,4119055866,4119202601,4119055866,0.137228674,true,938,939,1440800,1568,12,1895609,4117160257,4116044562,0.137228674,7.287106797,4389296.649,238.238934,4314535,4951069,5771982,8233552,4315117,4951069,5771982,8233552,30.016000,0,a44fc36470d07f98c68053c9015e3cb169a21af927b1b3b93bd5712a42234671,ecdf701f04adb7d4057b0e8294af81e3777434f503e007e60c5d34dbdfaf20d7,6f70656e6a6f632d6566666563746976652d636f6e6669672d76310a72656e6465725f6d6f64653d737065616b65720a6c61796f75743d372e312e340a646f776e6d69783d6175746f0a6472633d6c696e650a6469616c6e6f726d3d64656661756c740a76616c69646174696f6e5f70726f66696c653d6175746f0a6f616d645f7472696d5f636f6e66696775726174696f6e5f636f756e743d390a66696e616c5f6c696e6b65645f6761696e3d656e61626c6564,609,speaker,372e312e34,0,0.000000,0,0.000000,0,0.000000,0,0.000000,4238749228,39174024,8492,137662,1,8153084,8290746,1629229,4192725088,4192862750,4192725088,0.139683005,true,938,939,1440800,1568,12,1628918,4191096170,4192547059,0.139683005,7.159067044,4468119.584,242.499832,4369045,5122680,6294189,11631062,4370938,5122680,6294189,11631062,30.016000,0,a44fc36470d07f98c68053c9015e3cb169a21af927b1b3b93bd5712a42234671,ecdf701f04adb7d4057b0e8294af81e3777434f503e007e60c5d34dbdfaf20d7,6f70656e6a6f632d6566666563746976652d636f6e6669672d76310a72656e6465725f6d6f64653d737065616b65720a6c61796f75743d372e312e340a646f776e6d69783d6175746f0a6472633d6c696e650a6469616c6e6f726d3d64656661756c740a76616c69646174696f6e5f70726f66696c653d6175746f0a6f616d645f7472696d5f636f6e66696775726174696f6e5f636f756e743d390a66696e616c5f6c696e6b65645f6761696e3d656e61626c6564,609,speaker,372e312e34,0,0.000000,0,0.000000,0,0.000000,0,0.000000
speaker714-30,a44fc36470d07f98c68053c9015e3cb169a21af927b1b3b93bd5712a42234671,speaker,7.1.4,2,candidate-baseline,938,1440800,1568,12,4403324437,40411333,11527,146935,1,8170108,8317043,1659824,4354925385,4355072320,4354925385,0.145086800,true,938,939,1440800,1568,12,1659644,4353265741,4355087995,0.145086800,6.892425781,4641008.253,251.881211,4404407,6273046,7484308,12104891,4404658,6273046,7484308,12104891,30.016000,0,a44fc36470d07f98c68053c9015e3cb169a21af927b1b3b93bd5712a42234671,ecdf701f04adb7d4057b0e8294af81e3777434f503e007e60c5d34dbdfaf20d7,6f70656e6a6f632d6566666563746976652d636f6e6669672d76310a72656e6465725f6d6f64653d737065616b65720a6c61796f75743d372e312e340a646f776e6d69783d6175746f0a6472633d6c696e650a6469616c6e6f726d3d64656661756c740a76616c69646174696f6e5f70726f66696c653d6175746f0a6f616d645f7472696d5f636f6e66696775726174696f6e5f636f756e743d390a66696e616c5f6c696e6b65645f6761696e3d656e61626c6564,609,speaker,372e312e34,0,0.000000,0,0.000000,0,0.000000,0,0.000000,4587643131,37830944,7652,138152,1,8152441,8290593,1742464,4542918368,4543056520,4542918368,0.151349892,true,938,939,1440800,1568,12,1742274,4541176094,4538474662,0.151349892,6.607206551,4841339.119,262.754394,4467039,7065509,12067072,20176542,4467740,7065509,12067072,20176542,30.016000,0,a44fc36470d07f98c68053c9015e3cb169a21af927b1b3b93bd5712a42234671,ecdf701f04adb7d4057b0e8294af81e3777434f503e007e60c5d34dbdfaf20d7,6f70656e6a6f632d6566666563746976652d636f6e6669672d76310a72656e6465725f6d6f64653d737065616b65720a6c61796f75743d372e312e340a646f776e6d69783d6175746f0a6472633d6c696e650a6469616c6e6f726d3d64656661756c740a76616c69646174696f6e5f70726f66696c653d6175746f0a6f616d645f7472696d5f636f6e66696775726174696f6e5f636f756e743d390a66696e616c5f6c696e6b65645f6761696e3d656e61626c6564,609,speaker,372e312e34,0,0.000000,0,0.000000,0,0.000000,0,0.000000
speaker714-30,a44fc36470d07f98c68053c9015e3cb169a21af927b1b3b93bd5712a42234671,speaker,7.1.4,3,baseline-candidate,938,1440800,1568,12,4260375706,44970362,8853,184621,1,8428307,8612928,1935467,4208432348,4208616969,4208432348,0.140206302,true,938,939,1440800,1568,12,1935177,4206497171,4208125505,0.140206302,7.132347040,4484538.562,243.408312,4273405,5667990,6965131,17193372,4273516,5667990,6965131,17193372,30.016000,0,a44fc36470d07f98c68053c9015e3cb169a21af927b1b3b93bd5712a42234671,ecdf701f04adb7d4057b0e8294af81e3777434f503e007e60c5d34dbdfaf20d7,6f70656e6a6f632d6566666563746976652d636f6e6669672d76310a72656e6465725f6d6f64653d737065616b65720a6c61796f75743d372e312e340a646f776e6d69783d6175746f0a6472633d6c696e650a6469616c6e6f726d3d64656661756c740a76616c69646174696f6e5f70726f66696c653d6175746f0a6f616d645f7472696d5f636f6e66696775726174696f6e5f636f756e743d390a66696e616c5f6c696e6b65645f6761696e3d656e61626c6564,609,speaker,372e312e34,0,0.000000,0,0.000000,0,0.000000,0,0.000000,4244530343,47340717,11256,405454,1,15938900,16344354,1630912,4189725381,4190130835,4189725381,0.139583068,true,938,939,1440800,1568,12,1630581,4188094800,4187702562,0.139583068,7.164192702,4464919.829,242.326334,4274838,5748052,7519976,10546522,4274838,5729360,7519955,10546522,30.016000,0,a44fc36470d07f98c68053c9015e3cb169a21af927b1b3b93bd5712a42234671,ecdf701f04adb7d4057b0e8294af81e3777434f503e007e60c5d34dbdfaf20d7,6f70656e6a6f632d6566666563746976652d636f6e6669672d76310a72656e6465725f6d6f64653d737065616b65720a6c61796f75743d372e312e340a646f776e6d69783d6175746f0a6472633d6c696e650a6469616c6e6f726d3d64656661756c740a76616c69646174696f6e5f70726f66696c653d6175746f0a6f616d645f7472696d5f636f6e66696775726174696f6e5f636f756e743d390a66696e616c5f6c696e6b65645f6761696e3d656e61626c6564,609,speaker,372e312e34,0,0.000000,0,0.000000,0,0.000000,0,0.000000
speaker714-30,a44fc36470d07f98c68053c9015e3cb169a21af927b1b3b93bd5712a42234671,speaker,7.1.4,4,candidate-baseline,938,1440800,1568,12,4230239790,37316430,7692,137943,1,7863067,8001010,1649629,4185644160,4185782103,4185644160,0.139447100,true,938,939,1440800,1568,12,1649338,4183994822,4184776773,0.139447100,7.171178163,4460548.851,242.090283,4266976,5662853,7485625,17377377,4267717,5662853,7485625,17377377,30.016000,0,a44fc36470d07f98c68053c9015e3cb169a21af927b1b3b93bd5712a42234671,ecdf701f04adb7d4057b0e8294af81e3777434f503e007e60c5d34dbdfaf20d7,6f70656e6a6f632d6566666563746976652d636f6e6669672d76310a72656e6465725f6d6f64653d737065616b65720a6c61796f75743d372e312e340a646f776e6d69783d6175746f0a6472633d6c696e650a6469616c6e6f726d3d64656661756c740a76616c69646174696f6e5f70726f66696c653d6175746f0a6f616d645f7472696d5f636f6e66696775726174696f6e5f636f756e743d390a66696e616c5f6c696e6b65645f6761696e3d656e61626c6564,609,speaker,372e312e34,0,0.000000,0,0.000000,0,0.000000,0,0.000000,4199982362,37067825,8412,137491,1,8273441,8410932,2075022,4156107734,4156245225,4156107734,0.138463077,true,938,939,1440800,1568,12,2074701,4154033033,4156286116,0.138463077,7.222141947,4428606.645,240.381948,4348936,5038958,5972036,7567224,4349587,5038958,5972036,7567224,30.016000,0,a44fc36470d07f98c68053c9015e3cb169a21af927b1b3b93bd5712a42234671,ecdf701f04adb7d4057b0e8294af81e3777434f503e007e60c5d34dbdfaf20d7,6f70656e6a6f632d6566666563746976652d636f6e6669672d76310a72656e6465725f6d6f64653d737065616b65720a6c61796f75743d372e312e340a646f776e6d69783d6175746f0a6472633d6c696e650a6469616c6e6f726d3d64656661756c740a76616c69646174696f6e5f70726f66696c653d6175746f0a6f616d645f7472696d5f636f6e66696775726174696f6e5f636f756e743d390a66696e616c5f6c696e6b65645f6761696e3d656e61626c6564,609,speaker,372e312e34,0,0.000000,0,0.000000,0,0.000000,0,0.000000
speaker714-30,a44fc36470d07f98c68053c9015e3cb169a21af927b1b3b93bd5712a42234671,speaker,7.1.4,5,baseline-candidate,938,1440800,1568,12,4279512226,38551230,7340,137311,1,8365344,8502655,2169641,4232893569,4233030880,4232893569,0.141021241,true,938,939,1440800,1568,12,2169401,4230724168,4233116248,0.141021241,7.091130337,4510366.917,244.823106,4354183,5459935,7130494,14248380,4354194,5459935,7130494,14248380,30.016000,0,a44fc36470d07f98c68053c9015e3cb169a21af927b1b3b93bd5712a42234671,ecdf701f04adb7d4057b0e8294af81e3777434f503e007e60c5d34dbdfaf20d7,6f70656e6a6f632d6566666563746976652d636f6e6669672d76310a72656e6465725f6d6f64653d737065616b65720a6c61796f75743d372e312e340a646f776e6d69783d6175746f0a6472633d6c696e650a6469616c6e6f726d3d64656661756c740a76616c69646174696f6e5f70726f66696c653d6175746f0a6f616d645f7472696d5f636f6e66696775726174696f6e5f636f756e743d390a66696e616c5f6c696e6b65645f6761696e3d656e61626c6564,609,speaker,372e312e34,0,0.000000,0,0.000000,0,0.000000,0,0.000000,4215971123,36516146,7961,139644,1,7945088,8084732,1627767,4172585697,4172725341,4172585697,0.139012050,true,938,939,1440800,1568,12,1627546,4170958151,4172898267,0.139012050,7.193620977,4446650.481,241.335005,4255779,5291899,8183688,15127589,4255860,5291899,8183688,15127589,30.016000,0,a44fc36470d07f98c68053c9015e3cb169a21af927b1b3b93bd5712a42234671,ecdf701f04adb7d4057b0e8294af81e3777434f503e007e60c5d34dbdfaf20d7,6f70656e6a6f632d6566666563746976652d636f6e6669672d76310a72656e6465725f6d6f64653d737065616b65720a6c61796f75743d372e312e340a646f776e6d69783d6175746f0a6472633d6c696e650a6469616c6e6f726d3d64656661756c740a76616c69646174696f6e5f70726f66696c653d6175746f0a6f616d645f7472696d5f636f6e66696775726174696f6e5f636f756e743d390a66696e616c5f6c696e6b65645f6761696e3d656e61626c6564,609,speaker,372e312e34,0,0.000000,0,0.000000,0,0.000000,0,0.000000
d1-binaural714-30,a44fc36470d07f98c68053c9015e3cb169a21af927b1b3b93bd5712a42234671,binaural-d1,7.1.4,1,baseline-candidate,938,1441023,1791,2,18635175771,166632396,9564,40902568,1,26605615,67508183,19722775,18418467913,18459370481,18418467913,0.613621666,true,938,939,1441023,1791,2,19722164,18398745749,18414190483,0.613621666,1.629668664,19614867.536,6390.761255,19338482,21791508,24065402,35097466,19340926,21791508,24065402,35097466,30.016000,0,a44fc36470d07f98c68053c9015e3cb169a21af927b1b3b93bd5712a42234671,b9dff643bcbf782307c9b71c2d2fa3ad6d72f66a879da1663f419bbb01d1c599,6f70656e6a6f632d6566666563746976652d636f6e6669672d76310a72656e6465725f6d6f64653d62696e617572616c0a6c61796f75743d372e312e340a646f776e6d69783d6175746f0a6472633d6c696e650a6469616c6e6f726d3d64656661756c740a76616c69646174696f6e5f70726f66696c653d6175746f0a6f616d645f7472696d5f636f6e66696775726174696f6e5f636f756e743d390a62696e617572616c5f7669727475616c5f6c61796f75743d372e312e340a62696e617572616c5f6c66655f706f6c6963793d6578636c7564650a62696e617572616c5f687274665f736f757263653d6275696c74696e3a53414449455f49495f44315f4b553130305f76322d320a62696e617572616c5f687274665f7368613235363d373864303438613638663834643334303531353738633236326534303165333562616130653731383930316638353334396166653032333266393835643464660a62696e617572616c5f6261636b656e643d6469726563740a66696e616c5f6c696e6b65645f6761696e3d64697361626c6564,577,binaural-d1,372e312e34,0,0.000000,0,0.000000,0,0.000000,0,0.000000,18737745677,168320299,9344,39437518,1,23502946,62940464,18953538,18522109324,18561546842,18522109324,0.617074538,true,938,939,1441023,1791,2,18952858,18503156466,18520812181,0.617074538,1.620549770,19726179.601,6426.722309,19370289,22173969,25017087,32599543,19373984,22173969,25017087,32599543,30.016000,0,a44fc36470d07f98c68053c9015e3cb169a21af927b1b3b93bd5712a42234671,b9dff643bcbf782307c9b71c2d2fa3ad6d72f66a879da1663f419bbb01d1c599,6f70656e6a6f632d6566666563746976652d636f6e6669672d76310a72656e6465725f6d6f64653d62696e617572616c0a6c61796f75743d372e312e340a646f776e6d69783d6175746f0a6472633d6c696e650a6469616c6e6f726d3d64656661756c740a76616c69646174696f6e5f70726f66696c653d6175746f0a6f616d645f7472696d5f636f6e66696775726174696f6e5f636f756e743d390a62696e617572616c5f7669727475616c5f6c61796f75743d372e312e340a62696e617572616c5f6c66655f706f6c6963793d6578636c7564650a62696e617572616c5f687274665f736f757263653d6275696c74696e3a53414449455f49495f44315f4b553130305f76322d320a62696e617572616c5f687274665f7368613235363d373864303438613638663834643334303531353738633236326534303165333562616130653731383930316638353334396166653032333266393835643464660a62696e617572616c5f6261636b656e643d6469726563740a66696e616c5f6c696e6b65645f6761696e3d64697361626c6564,577,binaural-d1,372e312e34,0,0.000000,0,0.000000,0,0.000000,0,0.000000
d1-binaural714-30,a44fc36470d07f98c68053c9015e3cb169a21af927b1b3b93bd5712a42234671,binaural-d1,7.1.4,2,candidate-baseline,938,1441023,1791,2,18170649493,153091208,20670,43572552,1,23766605,67339157,18275744,17965673811,18009246363,17965673811,0.598536574,true,938,939,1441023,1791,2,18275474,17947398337,17964911135,0.598536574,1.670741677,19133686.926,6233.652694,18730941,21337033,24920216,36307081,18731903,21337033,24920216,36307081,30.016000,0,a44fc36470d07f98c68053c9015e3cb169a21af927b1b3b93bd5712a42234671,b9dff643bcbf782307c9b71c2d2fa3ad6d72f66a879da1663f419bbb01d1c599,6f70656e6a6f632d6566666563746976652d636f6e6669672d76310a72656e6465725f6d6f64653d62696e617572616c0a6c61796f75743d372e312e340a646f776e6d69783d6175746f0a6472633d6c696e650a6469616c6e6f726d3d64656661756c740a76616c69646174696f6e5f70726f66696c653d6175746f0a6f616d645f7472696d5f636f6e66696775726174696f6e5f636f756e743d390a62696e617572616c5f7669727475616c5f6c61796f75743d372e312e340a62696e617572616c5f6c66655f706f6c6963793d6578636c7564650a62696e617572616c5f687274665f736f757263653d6275696c74696e3a53414449455f49495f44315f4b553130305f76322d320a62696e617572616c5f687274665f7368613235363d373864303438613638663834643334303531353738633236326534303165333562616130653731383930316638353334396166653032333266393835643464660a62696e617572616c5f6261636b656e643d6469726563740a66696e616c5f6c696e6b65645f6761696e3d64697361626c6564,577,binaural-d1,372e312e34,0,0.000000,0,0.000000,0,0.000000,0,0.000000,18082216253,155225255,17365,37181582,1,23807945,60989527,18319669,17882022106,17919203688,17882022106,0.595749670,true,938,939,1441023,1791,2,18318968,17863703138,17871612884,0.595749670,1.678557370,19044459.635,6204.627583,18760866,20749050,22071769,29558966,18764451,20749050,22071769,29558966,30.016000,0,a44fc36470d07f98c68053c9015e3cb169a21af927b1b3b93bd5712a42234671,b9dff643bcbf782307c9b71c2d2fa3ad6d72f66a879da1663f419bbb01d1c599,6f70656e6a6f632d6566666563746976652d636f6e6669672d76310a72656e6465725f6d6f64653d62696e617572616c0a6c61796f75743d372e312e340a646f776e6d69783d6175746f0a6472633d6c696e650a6469616c6e6f726d3d64656661756c740a76616c69646174696f6e5f70726f66696c653d6175746f0a6f616d645f7472696d5f636f6e66696775726174696f6e5f636f756e743d390a62696e617572616c5f7669727475616c5f6c61796f75743d372e312e340a62696e617572616c5f6c66655f706f6c6963793d6578636c7564650a62696e617572616c5f687274665f736f757263653d6275696c74696e3a53414449455f49495f44315f4b553130305f76322d320a62696e617572616c5f687274665f7368613235363d373864303438613638663834643334303531353738633236326534303165333562616130653731383930316638353334396166653032333266393835643464660a62696e617572616c5f6261636b656e643d6469726563740a66696e616c5f6c696e6b65645f6761696e3d64697361626c6564,577,binaural-d1,372e312e34,0,0.000000,0,0.000000,0,0.000000,0,0.000000
d1-binaural714-30,a44fc36470d07f98c68053c9015e3cb169a21af927b1b3b93bd5712a42234671,binaural-d1,7.1.4,3,baseline-candidate,938,1441023,1791,2,18010311814,162577809,12548,40267162,1,24364231,64631393,19749436,17799883728,17840150890,17799883728,0.593013184,true,938,939,1441023,1791,2,19748725,17780135003,17789364360,0.593013184,1.686303150,18955367.807,6176.127559,18646999,20768328,23692467,36320620,18647279,20768328,23692467,36320620,30.016000,0,a44fc36470d07f98c68053c9015e3cb169a21af927b1b3b93bd5712a42234671,b9dff643bcbf782307c9b71c2d2fa3ad6d72f66a879da1663f419bbb01d1c599,6f70656e6a6f632d6566666563746976652d636f6e6669672d76310a72656e6465725f6d6f64653d62696e617572616c0a6c61796f75743d372e312e340a646f776e6d69783d6175746f0a6472633d6c696e650a6469616c6e6f726d3d64656661756c740a76616c69646174696f6e5f70726f66696c653d6175746f0a6f616d645f7472696d5f636f6e66696775726174696f6e5f636f756e743d390a62696e617572616c5f7669727475616c5f6c61796f75743d372e312e340a62696e617572616c5f6c66655f706f6c6963793d6578636c7564650a62696e617572616c5f687274665f736f757263653d6275696c74696e3a53414449455f49495f44315f4b553130305f76322d320a62696e617572616c5f687274665f7368613235363d373864303438613638663834643334303531353738633236326534303165333562616130653731383930316638353334396166653032333266393835643464660a62696e617572616c5f6261636b656e643d6469726563740a66696e616c5f6c696e6b65645f6761696e3d64697361626c6564,577,binaural-d1,372e312e34,0,0.000000,0,0.000000,0,0.000000,0,0.000000,18393001643,151354554,8723,37765319,1,22738808,60504127,18166995,18195426461,18233191780,18195426461,0.606190914,true,938,939,1441023,1791,2,18166294,18177260167,18186709065,0.606190914,1.649645314,19378742.182,6313.371286,18884747,21318956,27397368,69272069,18887902,21318956,27397368,69272069,30.016000,0,a44fc36470d07f98c68053c9015e3cb169a21af927b1b3b93bd5712a42234671,b9dff643bcbf782307c9b71c2d2fa3ad6d72f66a879da1663f419bbb01d1c599,6f70656e6a6f632d6566666563746976652d636f6e6669672d76310a72656e6465725f6d6f64653d62696e617572616c0a6c61796f75743d372e312e340a646f776e6d69783d6175746f0a6472633d6c696e650a6469616c6e6f726d3d64656661756c740a76616c69646174696f6e5f70726f66696c653d6175746f0a6f616d645f7472696d5f636f6e66696775726174696f6e5f636f756e743d390a62696e617572616c5f7669727475616c5f6c61796f75743d372e312e340a62696e617572616c5f6c66655f706f6c6963793d6578636c7564650a62696e617572616c5f687274665f736f757263653d6275696c74696e3a53414449455f49495f44315f4b553130305f76322d320a62696e617572616c5f687274665f7368613235363d373864303438613638663834643334303531353738633236326534303165333562616130653731383930316638353334396166653032333266393835643464660a62696e617572616c5f6261636b656e643d6469726563740a66696e616c5f6c696e6b65645f6761696e3d64697361626c6564,577,binaural-d1,372e312e34,0,0.000000,0,0.000000,0,0.000000,0,0.000000
d1-binaural714-30,a44fc36470d07f98c68053c9015e3cb169a21af927b1b3b93bd5712a42234671,binaural-d1,7.1.4,4,candidate-baseline,938,1441023,1791,2,17882853640,153895533,8022,38652118,1,22083378,60735496,18466845,17682612852,17721264970,17682612852,0.589106238,true,938,939,1441023,1791,2,18466394,17664146458,17679444007,0.589106238,1.697486692,18831712.642,6135.437412,18688620,19870913,21321069,34183117,18690713,19870913,21321069,34183117,30.016000,0,a44fc36470d07f98c68053c9015e3cb169a21af927b1b3b93bd5712a42234671,b9dff643bcbf782307c9b71c2d2fa3ad6d72f66a879da1663f419bbb01d1c599,6f70656e6a6f632d6566666563746976652d636f6e6669672d76310a72656e6465725f6d6f64653d62696e617572616c0a6c61796f75743d372e312e340a646f776e6d69783d6175746f0a6472633d6c696e650a6469616c6e6f726d3d64656661756c740a76616c69646174696f6e5f70726f66696c653d6175746f0a6f616d645f7472696d5f636f6e66696775726174696f6e5f636f756e743d390a62696e617572616c5f7669727475616c5f6c61796f75743d372e312e340a62696e617572616c5f6c66655f706f6c6963793d6578636c7564650a62696e617572616c5f687274665f736f757263653d6275696c74696e3a53414449455f49495f44315f4b553130305f76322d320a62696e617572616c5f687274665f7368613235363d373864303438613638663834643334303531353738633236326534303165333562616130653731383930316638353334396166653032333266393835643464660a62696e617572616c5f6261636b656e643d6469726563740a66696e616c5f6c696e6b65645f6761696e3d64697361626c6564,577,binaural-d1,372e312e34,0,0.000000,0,0.000000,0,0.000000,0,0.000000,18269665467,152108699,10665,36925747,1,21799020,58724767,18295604,18073338870,18110264617,18073338870,0.602123496,true,938,939,1441023,1791,2,18295123,18055043747,18072579489,0.602123496,1.660788868,19248447.491,6271.009855,18812822,21452883,27039734,41813924,18815076,21452883,27039734,41813924,30.016000,0,a44fc36470d07f98c68053c9015e3cb169a21af927b1b3b93bd5712a42234671,b9dff643bcbf782307c9b71c2d2fa3ad6d72f66a879da1663f419bbb01d1c599,6f70656e6a6f632d6566666563746976652d636f6e6669672d76310a72656e6465725f6d6f64653d62696e617572616c0a6c61796f75743d372e312e340a646f776e6d69783d6175746f0a6472633d6c696e650a6469616c6e6f726d3d64656661756c740a76616c69646174696f6e5f70726f66696c653d6175746f0a6f616d645f7472696d5f636f6e66696775726174696f6e5f636f756e743d390a62696e617572616c5f7669727475616c5f6c61796f75743d372e312e340a62696e617572616c5f6c66655f706f6c6963793d6578636c7564650a62696e617572616c5f687274665f736f757263653d6275696c74696e3a53414449455f49495f44315f4b553130305f76322d320a62696e617572616c5f687274665f7368613235363d373864303438613638663834643334303531353738633236326534303165333562616130653731383930316638353334396166653032333266393835643464660a62696e617572616c5f6261636b656e643d6469726563740a66696e616c5f6c696e6b65645f6761696e3d64697361626c6564,577,binaural-d1,372e312e34,0,0.000000,0,0.000000,0,0.000000,0,0.000000
d1-binaural714-30,a44fc36470d07f98c68053c9015e3cb169a21af927b1b3b93bd5712a42234671,binaural-d1,7.1.4,5,baseline-candidate,938,1441023,1791,2,17838799416,155550453,9374,39446625,1,22132530,61579155,18734460,17636351131,17675797756,17636351131,0.587565003,true,938,939,1441023,1791,2,18733689,17617617442,17634508272,0.587565003,1.701939351,18782108.147,6119.385718,18659960,19795145,20997095,27791780,18660080,19795145,20997095,27791780,30.016000,0,a44fc36470d07f98c68053c9015e3cb169a21af927b1b3b93bd5712a42234671,b9dff643bcbf782307c9b71c2d2fa3ad6d72f66a879da1663f419bbb01d1c599,6f70656e6a6f632d6566666563746976652d636f6e6669672d76310a72656e6465725f6d6f64653d62696e617572616c0a6c61796f75743d372e312e340a646f776e6d69783d6175746f0a6472633d6c696e650a6469616c6e6f726d3d64656661756c740a76616c69646174696f6e5f70726f66696c653d6175746f0a6f616d645f7472696d5f636f6e66696775726174696f6e5f636f756e743d390a62696e617572616c5f7669727475616c5f6c61796f75743d372e312e340a62696e617572616c5f6c66655f706f6c6963793d6578636c7564650a62696e617572616c5f687274665f736f757263653d6275696c74696e3a53414449455f49495f44315f4b553130305f76322d320a62696e617572616c5f687274665f7368613235363d373864303438613638663834643334303531353738633236326534303165333562616130653731383930316638353334396166653032333266393835643464660a62696e617572616c5f6261636b656e643d6469726563740a66696e616c5f6c696e6b65645f6761696e3d64697361626c6564,577,binaural-d1,372e312e34,0,0.000000,0,0.000000,0,0.000000,0,0.000000,18140077988,163708889,13229,43628902,1,26614293,70243195,18467067,17925372739,17969001641,17925372739,0.597193921,true,938,939,1441023,1791,2,18466596,17906906143,17922912139,0.597193921,1.674497955,19090518.276,6219.669200,18737022,20838251,23790714,64782844,18738163,20838251,23790714,64782844,30.016000,0,a44fc36470d07f98c68053c9015e3cb169a21af927b1b3b93bd5712a42234671,b9dff643bcbf782307c9b71c2d2fa3ad6d72f66a879da1663f419bbb01d1c599,6f70656e6a6f632d6566666563746976652d636f6e6669672d76310a72656e6465725f6d6f64653d62696e617572616c0a6c61796f75743d372e312e340a646f776e6d69783d6175746f0a6472633d6c696e650a6469616c6e6f726d3d64656661756c740a76616c69646174696f6e5f70726f66696c653d6175746f0a6f616d645f7472696d5f636f6e66696775726174696f6e5f636f756e743d390a62696e617572616c5f7669727475616c5f6c61796f75743d372e312e340a62696e617572616c5f6c66655f706f6c6963793d6578636c7564650a62696e617572616c5f687274665f736f757263653d6275696c74696e3a53414449455f49495f44315f4b553130305f76322d320a62696e617572616c5f687274665f7368613235363d373864303438613638663834643334303531353738633236326534303165333562616130653731383930316638353334396166653032333266393835643464660a62696e617572616c5f6261636b656e643d6469726563740a66696e616c5f6c696e6b65645f6761696e3d64697361626c6564,577,binaural-d1,372e312e34,0,0.000000,0,0.000000,0,0.000000,0,0.000000
