case,input_sha256,mode,layout,repetition,run_order,input_access_units,output_samples,tail_samples,channels,baseline_api_probe_binary_sha256,candidate_api_probe_binary_sha256,baseline_external_process_wall_ns,baseline_summary_warmup_ns,baseline_summary_reset_after_warmup_ns,baseline_summary_init_ns,baseline_summary_first_pcm_output_after_au,baseline_summary_api_time_to_first_pcm_ns,baseline_summary_first_pcm_including_init_ns,baseline_summary_drain_loop_wall_including_output_write_ns,baseline_summary_api_pipeline_wall_ns,baseline_summary_api_pipeline_plus_init_ns,baseline_summary_api_pipeline_plus_orientation_control_ns,baseline_summary_orientation_inclusive_rtf_lower_is_better,baseline_summary_timing_only,baseline_summary_input_access_units,baseline_summary_output_frames,baseline_summary_output_sample_count,baseline_summary_tail_samples,baseline_summary_channel_count,baseline_summary_drain_api_wall_ns,baseline_summary_push_receive_sum_ns,baseline_summary_probe_process_cpu_ns,baseline_summary_processing_rtf_excludes_orientation_control_lower_is_better,baseline_summary_realtime_speed_higher_is_better,baseline_summary_ns_per_au,baseline_summary_ns_per_scalar_sample,baseline_summary_call_p50_ns,baseline_summary_call_p95_ns,baseline_summary_call_p99_ns,baseline_summary_call_max_ns,baseline_summary_steady_call_p50_ns_excludes_first_au,baseline_summary_steady_call_p95_ns_excludes_first_au,baseline_summary_steady_call_p99_ns_excludes_first_au,baseline_summary_steady_call_max_ns_excludes_first_au,baseline_summary_program_audio_seconds,baseline_summary_orientation_prepare_total_ns,baseline_summary_input_sha256,baseline_summary_config_fingerprint,baseline_summary_config_descriptor_hex,baseline_summary_latency_samples,baseline_summary_mode,baseline_summary_layout,baseline_allocation_au_alloc_calls_total,baseline_allocation_au_alloc_calls_mean,baseline_allocation_au_realloc_calls_total,baseline_allocation_au_realloc_calls_mean,baseline_allocation_au_dealloc_calls_total,baseline_allocation_au_dealloc_calls_mean,baseline_allocation_au_requested_bytes_total,baseline_allocation_au_requested_bytes_mean,candidate_external_process_wall_ns,candidate_summary_warmup_ns,candidate_summary_reset_after_warmup_ns,candidate_summary_init_ns,candidate_summary_first_pcm_output_after_au,candidate_summary_api_time_to_first_pcm_ns,candidate_summary_first_pcm_including_init_ns,candidate_summary_drain_loop_wall_including_output_write_ns,candidate_summary_api_pipeline_wall_ns,candidate_summary_api_pipeline_plus_init_ns,candidate_summary_api_pipeline_plus_orientation_control_ns,candidate_summary_orientation_inclusive_rtf_lower_is_better,candidate_summary_timing_only,candidate_summary_input_access_units,candidate_summary_output_frames,candidate_summary_output_sample_count,candidate_summary_tail_samples,candidate_summary_channel_count,candidate_summary_drain_api_wall_ns,candidate_summary_push_receive_sum_ns,candidate_summary_probe_process_cpu_ns,candidate_summary_processing_rtf_excludes_orientation_control_lower_is_better,candidate_summary_realtime_speed_higher_is_better,candidate_summary_ns_per_au,candidate_summary_ns_per_scalar_sample,candidate_summary_call_p50_ns,candidate_summary_call_p95_ns,candidate_summary_call_p99_ns,candidate_summary_call_max_ns,candidate_summary_steady_call_p50_ns_excludes_first_au,candidate_summary_steady_call_p95_ns_excludes_first_au,candidate_summary_steady_call_p99_ns_excludes_first_au,candidate_summary_steady_call_max_ns_excludes_first_au,candidate_summary_program_audio_seconds,candidate_summary_orientation_prepare_total_ns,candidate_summary_input_sha256,candidate_summary_config_fingerprint,candidate_summary_config_descriptor_hex,candidate_summary_latency_samples,candidate_summary_mode,candidate_summary_layout,candidate_allocation_au_alloc_calls_total,candidate_allocation_au_alloc_calls_mean,candidate_allocation_au_realloc_calls_total,candidate_allocation_au_realloc_calls_mean,candidate_allocation_au_dealloc_calls_total,candidate_allocation_au_dealloc_calls_mean,candidate_allocation_au_requested_bytes_total,candidate_allocation_au_requested_bytes_mean
stereo30,a44fc36470d07f98c68053c9015e3cb169a21af927b1b3b93bd5712a42234671,stereo,2.0,1,baseline-candidate,938,1440800,1568,2,8d3fb53e62e1e64971d17325a0ad2e1b554fac8d427eb9ca67e7d5c5b7414b83,5794eb77e7117973561ebfa392fb4c4e872138a22b155b26f0eb53653038c426,3846358901,34611113,3054,132004,1,7619210,7751214,1322148,3805213927,3805345931,3805213927,0.126772852,true,938,939,1440800,1568,2,1321978,3803891949,3805055634,0.126772852,7.888124183,4055321.907,1320.521213,3890244,4678098,7342915,17395348,3890373,4678098,7342915,17395348,30.016000,0,a44fc36470d07f98c68053c9015e3cb169a21af927b1b3b93bd5712a42234671,e772bff80e49850080a7156de50858149a7a6e81715b6a6df9bed3e152c92ab2,6f70656e6a6f632d6566666563746976652d636f6e6669672d76310a72656e6465725f6d6f64653d73746572656f0a6c61796f75743d322e300a646f776e6d69783d6175746f0a6472633d6c696e650a6469616c6e6f726d3d64656661756c740a76616c69646174696f6e5f70726f66696c653d6175746f0a6f616d645f7472696d5f636f6e66696775726174696f6e5f636f756e743d390a66696e616c5f6c696e6b65645f6761696e3d656e61626c6564,609,stereo,322e30,0,0.000000,0,0.000000,0,0.000000,0,0.000000,1857670028,18688649,2914,123020,1,4205456,4328476,491711,1832018229,1832141249,1832018229,0.061034722,true,938,939,1440800,1568,2,491531,1831526698,1831809936,0.061034722,16.384116449,1952587.098,635.764238,1833858,2469640,3740073,21623883,1833858,2469640,3740073,21623883,30.016000,0,a44fc36470d07f98c68053c9015e3cb169a21af927b1b3b93bd5712a42234671,e772bff80e49850080a7156de50858149a7a6e81715b6a6df9bed3e152c92ab2,6f70656e6a6f632d6566666563746976652d636f6e6669672d76310a72656e6465725f6d6f64653d73746572656f0a6c61796f75743d322e300a646f776e6d69783d6175746f0a6472633d6c696e650a6469616c6e6f726d3d64656661756c740a76616c69646174696f6e5f70726f66696c653d6175746f0a6f616d645f7472696d5f636f6e66696775726174696f6e5f636f756e743d390a66696e616c5f6c696e6b65645f6761696e3d656e61626c6564,609,stereo,322e30,0,0.000000,0,0.000000,0,0.000000,0,0.000000
stereo30,a44fc36470d07f98c68053c9015e3cb169a21af927b1b3b93bd5712a42234671,stereo,2.0,2,candidate-baseline,938,1440800,1568,2,8d3fb53e62e1e64971d17325a0ad2e1b554fac8d427eb9ca67e7d5c5b7414b83,5794eb77e7117973561ebfa392fb4c4e872138a22b155b26f0eb53653038c426,3773133809,34789595,3365,160285,1,7684587,7844872,1347035,3731452860,3731613145,3731452860,0.124315460,true,938,939,1440800,1568,2,1346704,3730106156,3731628780,0.124315460,8.044051775,3976659.015,1294.923952,3886638,4459688,5218010,8460084,3889322,4459688,5218010,8460084,30.016000,0,a44fc36470d07f98c68053c9015e3cb169a21af927b1b3b93bd5712a42234671,e772bff80e49850080a7156de50858149a7a6e81715b6a6df9bed3e152c92ab2,6f70656e6a6f632d6566666563746976652d636f6e6669672d76310a72656e6465725f6d6f64653d73746572656f0a6c61796f75743d322e300a646f776e6d69783d6175746f0a6472633d6c696e650a6469616c6e6f726d3d64656661756c740a76616c69646174696f6e5f70726f66696c653d6175746f0a6f616d645f7472696d5f636f6e66696775726174696f6e5f636f756e743d390a66696e616c5f6c696e6b65645f6761696e3d656e61626c6564,609,stereo,322e30,0,0.000000,0,0.000000,0,0.000000,0,0.000000,1751499732,16594549,3035,212151,1,3516204,3728355,532771,1727773558,1727985709,1727773558,0.057561752,true,938,939,1440800,1568,2,532621,1727240937,1727693658,0.057561752,17.372646931,1841408.248,599.588270,1775223,2148671,2993088,4992650,1775513,2148671,2993088,4992650,30.016000,0,a44fc36470d07f98c68053c9015e3cb169a21af927b1b3b93bd5712a42234671,e772bff80e49850080a7156de50858149a7a6e81715b6a6df9bed3e152c92ab2,6f70656e6a6f632d6566666563746976652d636f6e6669672d76310a72656e6465725f6d6f64653d73746572656f0a6c61796f75743d322e300a646f776e6d69783d6175746f0a6472633d6c696e650a6469616c6e6f726d3d64656661756c740a76616c69646174696f6e5f70726f66696c653d6175746f0a6f616d645f7472696d5f636f6e66696775726174696f6e5f636f756e743d390a66696e616c5f6c696e6b65645f6761696e3d656e61626c6564,609,stereo,322e30,0,0.000000,0,0.000000,0,0.000000,0,0.000000
stereo30,a44fc36470d07f98c68053c9015e3cb169a21af927b1b3b93bd5712a42234671,stereo,2.0,3,baseline-candidate,938,1440800,1568,2,8d3fb53e62e1e64971d17325a0ad2e1b554fac8d427eb9ca67e7d5c5b7414b83,5794eb77e7117973561ebfa392fb4c4e872138a22b155b26f0eb53653038c426,3783831071,34844718,3575,130702,1,7593354,7724056,1303071,3742142282,3742272984,3742142282,0.124671585,true,938,939,1440800,1568,2,1302909,3740839373,3741629569,0.124671585,8.021073957,3988101.677,1298.633496,3820041,4681624,6079904,27252206,3821133,4681624,6079904,27252206,30.016000,0,a44fc36470d07f98c68053c9015e3cb169a21af927b1b3b93bd5712a42234671,e772bff80e49850080a7156de50858149a7a6e81715b6a6df9bed3e152c92ab2,6f70656e6a6f632d6566666563746976652d636f6e6669672d76310a72656e6465725f6d6f64653d73746572656f0a6c61796f75743d322e300a646f776e6d69783d6175746f0a6472633d6c696e650a6469616c6e6f726d3d64656661756c740a76616c69646174696f6e5f70726f66696c653d6175746f0a6f616d645f7472696d5f636f6e66696775726174696f6e5f636f756e743d390a66696e616c5f6c696e6b65645f6761696e3d656e61626c6564,609,stereo,322e30,0,0.000000,0,0.000000,0,0.000000,0,0.000000,1707928032,16728877,3115,137552,1,5097163,5234715,512973,1683978588,1684116140,1683978588,0.056102698,true,938,939,1440800,1568,2,512801,1683465787,1684094667,0.056102698,17.824454666,1794739.645,584.390126,1734303,2072669,2327603,4063047,1734303,2072148,2327603,4063047,30.016000,0,a44fc36470d07f98c68053c9015e3cb169a21af927b1b3b93bd5712a42234671,e772bff80e49850080a7156de50858149a7a6e81715b6a6df9bed3e152c92ab2,6f70656e6a6f632d6566666563746976652d636f6e6669672d76310a72656e6465725f6d6f64653d73746572656f0a6c61796f75743d322e300a646f776e6d69783d6175746f0a6472633d6c696e650a6469616c6e6f726d3d64656661756c740a76616c69646174696f6e5f70726f66696c653d6175746f0a6f616d645f7472696d5f636f6e66696775726174696f6e5f636f756e743d390a66696e616c5f6c696e6b65645f6761696e3d656e61626c6564,609,stereo,322e30,0,0.000000,0,0.000000,0,0.000000,0,0.000000
stereo30,a44fc36470d07f98c68053c9015e3cb169a21af927b1b3b93bd5712a42234671,stereo,2.0,4,candidate-baseline,938,1440800,1568,2,8d3fb53e62e1e64971d17325a0ad2e1b554fac8d427eb9ca67e7d5c5b7414b83,5794eb77e7117973561ebfa392fb4c4e872138a22b155b26f0eb53653038c426,3605957039,32572284,3165,225310,1,7473177,7698487,1328328,3566521486,3566746796,3566521486,0.118820679,true,938,939,1440800,1568,2,1328048,3565193438,3566558541,0.118820679,8.416043508,3800845.883,1237.687912,3730770,4058030,4689035,6172771,3730889,4058030,4689035,6172771,30.016000,0,a44fc36470d07f98c68053c9015e3cb169a21af927b1b3b93bd5712a42234671,e772bff80e49850080a7156de50858149a7a6e81715b6a6df9bed3e152c92ab2,6f70656e6a6f632d6566666563746976652d636f6e6669672d76310a72656e6465725f6d6f64653d73746572656f0a6c61796f75743d322e300a646f776e6d69783d6175746f0a6472633d6c696e650a6469616c6e6f726d3d64656661756c740a76616c69646174696f6e5f70726f66696c653d6175746f0a6f616d645f7472696d5f636f6e66696775726174696f6e5f636f756e743d390a66696e616c5f6c696e6b65645f6761696e3d656e61626c6564,609,stereo,322e30,0,0.000000,0,0.000000,0,0.000000,0,0.000000,1659999884,15510260,3005,136060,1,3344543,3480603,489177,1637850009,1637986069,1637850009,0.054565898,true,938,939,1440800,1568,2,489006,1637361003,1637749773,0.054565898,18.326464472,1745587.423,568.382152,1709146,1926665,2059549,3874781,1709186,1926665,2059549,3874781,30.016000,0,a44fc36470d07f98c68053c9015e3cb169a21af927b1b3b93bd5712a42234671,e772bff80e49850080a7156de50858149a7a6e81715b6a6df9bed3e152c92ab2,6f70656e6a6f632d6566666563746976652d636f6e6669672d76310a72656e6465725f6d6f64653d73746572656f0a6c61796f75743d322e300a646f776e6d69783d6175746f0a6472633d6c696e650a6469616c6e6f726d3d64656661756c740a76616c69646174696f6e5f70726f66696c653d6175746f0a6f616d645f7472696d5f636f6e66696775726174696f6e5f636f756e743d390a66696e616c5f6c696e6b65645f6761696e3d656e61626c6564,609,stereo,322e30,0,0.000000,0,0.000000,0,0.000000,0,0.000000
stereo30,a44fc36470d07f98c68053c9015e3cb169a21af927b1b3b93bd5712a42234671,stereo,2.0,5,baseline-candidate,938,1440800,1568,2,8d3fb53e62e1e64971d17325a0ad2e1b554fac8d427eb9ca67e7d5c5b7414b83,5794eb77e7117973561ebfa392fb4c4e872138a22b155b26f0eb53653038c426,3648466211,35636271,3635,156439,1,7296758,7453197,1320415,3605508753,3605665192,3605508753,0.120119561,true,938,939,1440800,1568,2,1320245,3604188508,3605406049,0.120119561,8.325038727,3842418.452,1251.217641,3789246,4139029,4350248,5784142,3789726,4139029,4350248,5784142,30.016000,0,a44fc36470d07f98c68053c9015e3cb169a21af927b1b3b93bd5712a42234671,e772bff80e49850080a7156de50858149a7a6e81715b6a6df9bed3e152c92ab2,6f70656e6a6f632d6566666563746976652d636f6e6669672d76310a72656e6465725f6d6f64653d73746572656f0a6c61796f75743d322e300a646f776e6d69783d6175746f0a6472633d6c696e650a6469616c6e6f726d3d64656661756c740a76616c69646174696f6e5f70726f66696c653d6175746f0a6f616d645f7472696d5f636f6e66696775726174696f6e5f636f756e743d390a66696e616c5f6c696e6b65645f6761696e3d656e61626c6564,609,stereo,322e30,0,0.000000,0,0.000000,0,0.000000,0,0.000000,1710247553,16646275,2924,131693,1,3293388,3425081,477731,1683356577,1683488270,1683356577,0.056081976,true,938,939,1440800,1568,2,477570,1682879007,1683176824,0.056081976,17.831040916,1794114.080,584.174270,1715015,2040902,2663425,8130360,1715035,2040902,2663425,8130360,30.016000,0,a44fc36470d07f98c68053c9015e3cb169a21af927b1b3b93bd5712a42234671,e772bff80e49850080a7156de50858149a7a6e81715b6a6df9bed3e152c92ab2,6f70656e6a6f632d6566666563746976652d636f6e6669672d76310a72656e6465725f6d6f64653d73746572656f0a6c61796f75743d322e300a646f776e6d69783d6175746f0a6472633d6c696e650a6469616c6e6f726d3d64656661756c740a76616c69646174696f6e5f70726f66696c653d6175746f0a6f616d645f7472696d5f636f6e66696775726174696f6e5f636f756e743d390a66696e616c5f6c696e6b65645f6761696e3d656e61626c6564,609,stereo,322e30,0,0.000000,0,0.000000,0,0.000000,0,0.000000
stereo60,8202e69a5cd13c9142165315f7640d2d7c3cf554b6de0bba8b2c5c40cc499cf2,stereo,2.0,1,baseline-candidate,1875,2880032,1568,2,8d3fb53e62e1e64971d17325a0ad2e1b554fac8d427eb9ca67e7d5c5b7414b83,5794eb77e7117973561ebfa392fb4c4e872138a22b155b26f0eb53653038c426,7262314302,34956795,4136,166214,1,7538133,7704347,1308419,7215984424,7216150638,7215984424,0.120266407,true,1875,1876,2880032,1568,2,1308269,7214676155,7215276687,0.120266407,8.314873824,3847827.283,1252.761154,3798168,4144818,4377459,5691656,3798168,4144818,4377459,5691656,60.000000,0,8202e69a5cd13c9142165315f7640d2d7c3cf554b6de0bba8b2c5c40cc499cf2,e772bff80e49850080a7156de50858149a7a6e81715b6a6df9bed3e152c92ab2,6f70656e6a6f632d6566666563746976652d636f6e6669672d76310a72656e6465725f6d6f64653d73746572656f0a6c61796f75743d322e300a646f776e6d69783d6175746f0a6472633d6c696e650a6469616c6e6f726d3d64656661756c740a76616c69646174696f6e5f70726f66696c653d6175746f0a6f616d645f7472696d5f636f6e66696775726174696f6e5f636f756e743d390a66696e616c5f6c696e6b65645f6761696e3d656e61626c6564,609,stereo,322e30,0,0.000000,0,0.000000,0,0.000000,0,0.000000,3238969420,15123483,3085,127857,1,3291516,3419373,474035,3213318900,3213446757,3213318900,0.053555315,true,1875,1876,2880032,1568,2,473855,3212845045,3213140550,0.053555315,18.672283040,1713517.357,557.861666,1698991,1805547,1942818,3055730,1698991,1805547,1942818,3055730,60.000000,0,8202e69a5cd13c9142165315f7640d2d7c3cf554b6de0bba8b2c5c40cc499cf2,e772bff80e49850080a7156de50858149a7a6e81715b6a6df9bed3e152c92ab2,6f70656e6a6f632d6566666563746976652d636f6e6669672d76310a72656e6465725f6d6f64653d73746572656f0a6c61796f75743d322e300a646f776e6d69783d6175746f0a6472633d6c696e650a6469616c6e6f726d3d64656661756c740a76616c69646174696f6e5f70726f66696c653d6175746f0a6f616d645f7472696d5f636f6e66696775726174696f6e5f636f756e743d390a66696e616c5f6c696e6b65645f6761696e3d656e61626c6564,609,stereo,322e30,0,0.000000,0,0.000000,0,0.000000,0,0.000000
stereo60,8202e69a5cd13c9142165315f7640d2d7c3cf554b6de0bba8b2c5c40cc499cf2,stereo,2.0,2,candidate-baseline,1875,2880032,1568,2,8d3fb53e62e1e64971d17325a0ad2e1b554fac8d427eb9ca67e7d5c5b7414b83,5794eb77e7117973561ebfa392fb4c4e872138a22b155b26f0eb53653038c426,7521066344,34907188,3565,130241,1,11436468,11566709,1515793,7474729374,7474859615,7474729374,0.124578823,true,1875,1876,2880032,1568,2,1515393,7473213981,7474278188,0.124578823,8.027046465,3985714.123,1297.681653,3812520,4706420,7860655,13745803,3812380,4701913,7860655,13745803,60.000000,0,8202e69a5cd13c9142165315f7640d2d7c3cf554b6de0bba8b2c5c40cc499cf2,e772bff80e49850080a7156de50858149a7a6e81715b6a6df9bed3e152c92ab2,6f70656e6a6f632d6566666563746976652d636f6e6669672d76310a72656e6465725f6d6f64653d73746572656f0a6c61796f75743d322e300a646f776e6d69783d6175746f0a6472633d6c696e650a6469616c6e6f726d3d64656661756c740a76616c69646174696f6e5f70726f66696c653d6175746f0a6f616d645f7472696d5f636f6e66696775726174696f6e5f636f756e743d390a66696e616c5f6c696e6b65645f6761696e3d656e61626c6564,609,stereo,322e30,0,0.000000,0,0.000000,0,0.000000,0,0.000000,3371302068,15843428,2394,278408,1,3287790,3566198,833592,3344223587,3344501995,3344223587,0.055737060,true,1875,1876,2880032,1568,2,833382,3343390205,3344423971,0.055737060,17.941384133,1783141.443,580.587922,1729586,2016316,2261185,4480870,1729586,2016316,2261185,4480870,60.000000,0,8202e69a5cd13c9142165315f7640d2d7c3cf554b6de0bba8b2c5c40cc499cf2,e772bff80e49850080a7156de50858149a7a6e81715b6a6df9bed3e152c92ab2,6f70656e6a6f632d6566666563746976652d636f6e6669672d76310a72656e6465725f6d6f64653d73746572656f0a6c61796f75743d322e300a646f776e6d69783d6175746f0a6472633d6c696e650a6469616c6e6f726d3d64656661756c740a76616c69646174696f6e5f70726f66696c653d6175746f0a6f616d645f7472696d5f636f6e66696775726174696f6e5f636f756e743d390a66696e616c5f6c696e6b65645f6761696e3d656e61626c6564,609,stereo,322e30,0,0.000000,0,0.000000,0,0.000000,0,0.000000
stereo60,8202e69a5cd13c9142165315f7640d2d7c3cf554b6de0bba8b2c5c40cc499cf2,stereo,2.0,3,baseline-candidate,1875,2880032,1568,2,8d3fb53e62e1e64971d17325a0ad2e1b554fac8d427eb9ca67e7d5c5b7414b83,5794eb77e7117973561ebfa392fb4c4e872138a22b155b26f0eb53653038c426,7321164154,33723042,3435,150230,1,7411477,7561707,1308649,7276146684,7276296914,7276146684,0.121269111,true,1875,1876,2880032,1568,2,1308508,7274838176,7275055503,0.121269111,8.246122928,3879913.694,1263.205875,3822905,4221440,4876800,6747593,3822905,4221440,4876800,6747593,60.000000,0,8202e69a5cd13c9142165315f7640d2d7c3cf554b6de0bba8b2c5c40cc499cf2,e772bff80e49850080a7156de50858149a7a6e81715b6a6df9bed3e152c92ab2,6f70656e6a6f632d6566666563746976652d636f6e6669672d76310a72656e6465725f6d6f64653d73746572656f0a6c61796f75743d322e300a646f776e6d69783d6175746f0a6472633d6c696e650a6469616c6e6f726d3d64656661756c740a76616c69646174696f6e5f70726f66696c653d6175746f0a6f616d645f7472696d5f636f6e66696775726174696f6e5f636f756e743d390a66696e616c5f6c696e6b65645f6761696e3d656e61626c6564,609,stereo,322e30,0,0.000000,0,0.000000,0,0.000000,0,0.000000,3396929122,16350923,2584,133476,1,3770689,3904165,509276,3368975100,3369108576,3368975100,0.056149585,true,1875,1876,2880032,1568,2,509116,3368465984,3369217871,0.056149585,17.809570632,1796515.191,584.885012,1715956,2093039,3000309,5302695,1715825,2093039,3000309,5302695,60.000000,0,8202e69a5cd13c9142165315f7640d2d7c3cf554b6de0bba8b2c5c40cc499cf2,e772bff80e49850080a7156de50858149a7a6e81715b6a6df9bed3e152c92ab2,6f70656e6a6f632d6566666563746976652d636f6e6669672d76310a72656e6465725f6d6f64653d73746572656f0a6c61796f75743d322e300a646f776e6d69783d6175746f0a6472633d6c696e650a6469616c6e6f726d3d64656661756c740a76616c69646174696f6e5f70726f66696c653d6175746f0a6f616d645f7472696d5f636f6e66696775726174696f6e5f636f756e743d390a66696e616c5f6c696e6b65645f6761696e3d656e61626c6564,609,stereo,322e30,0,0.000000,0,0.000000,0,0.000000,0,0.000000
stereo60,8202e69a5cd13c9142165315f7640d2d7c3cf554b6de0bba8b2c5c40cc499cf2,stereo,2.0,4,candidate-baseline,1875,2880032,1568,2,8d3fb53e62e1e64971d17325a0ad2e1b554fac8d427eb9ca67e7d5c5b7414b83,5794eb77e7117973561ebfa392fb4c4e872138a22b155b26f0eb53653038c426,7329531331,36304219,3525,134808,1,7646802,7781610,1308258,7280968117,7281102925,7280968117,0.121349469,true,1875,1876,2880032,1568,2,1308088,7279660029,7280888355,0.121349469,8.240662373,3882485.349,1264.042920,3801012,4337069,4794440,9534458,3801012,4337069,4794440,9534458,60.000000,0,8202e69a5cd13c9142165315f7640d2d7c3cf554b6de0bba8b2c5c40cc499cf2,e772bff80e49850080a7156de50858149a7a6e81715b6a6df9bed3e152c92ab2,6f70656e6a6f632d6566666563746976652d636f6e6669672d76310a72656e6465725f6d6f64653d73746572656f0a6c61796f75743d322e300a646f776e6d69783d6175746f0a6472633d6c696e650a6469616c6e6f726d3d64656661756c740a76616c69646174696f6e5f70726f66696c653d6175746f0a6f616d645f7472696d5f636f6e66696775726174696f6e5f636f756e743d390a66696e616c5f6c696e6b65645f6761696e3d656e61626c6564,609,stereo,322e30,0,0.000000,0,0.000000,0,0.000000,0,0.000000,3279218361,15873103,2504,129831,1,3408036,3537867,496187,3252432613,3252562444,3252432613,0.054207210,true,1875,1876,2880032,1568,2,496037,3251936576,3252318280,0.054207210,18.447730403,1734366.174,564.652166,1705220,1917172,2048884,4273396,1705220,1917172,2048884,4273396,60.000000,0,8202e69a5cd13c9142165315f7640d2d7c3cf554b6de0bba8b2c5c40cc499cf2,e772bff80e49850080a7156de50858149a7a6e81715b6a6df9bed3e152c92ab2,6f70656e6a6f632d6566666563746976652d636f6e6669672d76310a72656e6465725f6d6f64653d73746572656f0a6c61796f75743d322e300a646f776e6d69783d6175746f0a6472633d6c696e650a6469616c6e6f726d3d64656661756c740a76616c69646174696f6e5f70726f66696c653d6175746f0a6f616d645f7472696d5f636f6e66696775726174696f6e5f636f756e743d390a66696e616c5f6c696e6b65645f6761696e3d656e61626c6564,609,stereo,322e30,0,0.000000,0,0.000000,0,0.000000,0,0.000000
stereo60,8202e69a5cd13c9142165315f7640d2d7c3cf554b6de0bba8b2c5c40cc499cf2,stereo,2.0,5,baseline-candidate,1875,2880032,1568,2,8d3fb53e62e1e64971d17325a0ad2e1b554fac8d427eb9ca67e7d5c5b7414b83,5794eb77e7117973561ebfa392fb4c4e872138a22b155b26f0eb53653038c426,7391175528,34315101,3195,132755,1,7331339,7464094,1404459,7344881690,7345014445,7344881690,0.122414695,true,1875,1876,2880032,1568,2,1404249,7343477441,7344916710,0.122414695,8.168953910,3916521.302,1275.138903,3794103,4442464,6007147,9605022,3794103,4442464,6007147,9605022,60.000000,0,8202e69a5cd13c9142165315f7640d2d7c3cf554b6de0bba8b2c5c40cc499cf2,e772bff80e49850080a7156de50858149a7a6e81715b6a6df9bed3e152c92ab2,6f70656e6a6f632d6566666563746976652d636f6e6669672d76310a72656e6465725f6d6f64653d73746572656f0a6c61796f75743d322e300a646f776e6d69783d6175746f0a6472633d6c696e650a6469616c6e6f726d3d64656661756c740a76616c69646174696f6e5f70726f66696c653d6175746f0a6f616d645f7472696d5f636f6e66696775726174696f6e5f636f756e743d390a66696e616c5f6c696e6b65645f6761696e3d656e61626c6564,609,stereo,322e30,0,0.000000,0,0.000000,0,0.000000,0,0.000000,3396467275,16111422,2704,134978,1,3560659,3695637,472282,3368868519,3369003497,3368868519,0.056147809,true,1875,1876,2880032,1568,2,472122,3368396397,3368300937,0.056147809,17.810134074,1796478.078,584.866508,1721884,2037757,3154936,5824570,1721884,2037757,3154936,5824570,60.000000,0,8202e69a5cd13c9142165315f7640d2d7c3cf554b6de0bba8b2c5c40cc499cf2,e772bff80e49850080a7156de50858149a7a6e81715b6a6df9bed3e152c92ab2,6f70656e6a6f632d6566666563746976652d636f6e6669672d76310a72656e6465725f6d6f64653d73746572656f0a6c61796f75743d322e300a646f776e6d69783d6175746f0a6472633d6c696e650a6469616c6e6f726d3d64656661756c740a76616c69646174696f6e5f70726f66696c653d6175746f0a6f616d645f7472696d5f636f6e66696775726174696f6e5f636f756e743d390a66696e616c5f6c696e6b65645f6761696e3d656e61626c6564,609,stereo,322e30,0,0.000000,0,0.000000,0,0.000000,0,0.000000
speaker714-30,a44fc36470d07f98c68053c9015e3cb169a21af927b1b3b93bd5712a42234671,speaker,7.1.4,1,baseline-candidate,938,1440800,1568,12,8d3fb53e62e1e64971d17325a0ad2e1b554fac8d427eb9ca67e7d5c5b7414b83,5794eb77e7117973561ebfa392fb4c4e872138a22b155b26f0eb53653038c426,4014204089,36611408,3916,136981,1,7876228,8013209,1627005,3970330334,3970467315,3970330334,0.132273798,true,938,939,1440800,1568,12,1626835,3968703499,3969735675,0.132273798,7.560076234,4231027.184,229.636911,4143004,4679211,5507955,7172106,4143034,4679211,5507955,7172106,30.016000,0,a44fc36470d07f98c68053c9015e3cb169a21af927b1b3b93bd5712a42234671,ecdf701f04adb7d4057b0e8294af81e3777434f503e007e60c5d34dbdfaf20d7,6f70656e6a6f632d6566666563746976652d636f6e6669672d76310a72656e6465725f6d6f64653d737065616b65720a6c61796f75743d372e312e340a646f776e6d69783d6175746f0a6472633d6c696e650a6469616c6e6f726d3d64656661756c740a76616c69646174696f6e5f70726f66696c653d6175746f0a6f616d645f7472696d5f636f6e66696775726174696f6e5f636f756e743d390a66696e616c5f6c696e6b65645f6761696e3d656e61626c6564,609,speaker,372e312e34,0,0.000000,0,0.000000,0,0.000000,0,0.000000,2147840723,21027519,3846,208365,1,4073031,4281396,790159,2119906328,2120114693,2119906328,0.070625877,true,938,939,1440800,1568,12,789848,2119116480,2119943556,0.070625877,14.159116185,2259186.013,122.611647,2176291,2569437,3494453,15097315,2176421,2569437,3494453,15097315,30.016000,0,a44fc36470d07f98c68053c9015e3cb169a21af927b1b3b93bd5712a42234671,ecdf701f04adb7d4057b0e8294af81e3777434f503e007e60c5d34dbdfaf20d7,6f70656e6a6f632d6566666563746976652d636f6e6669672d76310a72656e6465725f6d6f64653d737065616b65720a6c61796f75743d372e312e340a646f776e6d69783d6175746f0a6472633d6c696e650a6469616c6e6f726d3d64656661756c740a76616c69646174696f6e5f70726f66696c653d6175746f0a6f616d645f7472696d5f636f6e66696775726174696f6e5f636f756e743d390a66696e616c5f6c696e6b65645f6761696e3d656e61626c6564,609,speaker,372e312e34,0,0.000000,0,0.000000,0,0.000000,0,0.000000
speaker714-30,a44fc36470d07f98c68053c9015e3cb169a21af927b1b3b93bd5712a42234671,speaker,7.1.4,2,candidate-baseline,938,1440800,1568,12,8d3fb53e62e1e64971d17325a0ad2e1b554fac8d427eb9ca67e7d5c5b7414b83,5794eb77e7117973561ebfa392fb4c4e872138a22b155b26f0eb53653038c426,4098335362,35752036,3766,139885,1,8070743,8210628,1704018,4055807200,4055947085,4055807200,0.135121509,true,938,939,1440800,1568,12,1703818,4054103382,4055958326,0.135121509,7.400746268,4322071.836,234.580742,4159017,4896319,6966398,28035753,4159368,4896319,6966398,28035753,30.016000,0,a44fc36470d07f98c68053c9015e3cb169a21af927b1b3b93bd5712a42234671,ecdf701f04adb7d4057b0e8294af81e3777434f503e007e60c5d34dbdfaf20d7,6f70656e6a6f632d6566666563746976652d636f6e6669672d76310a72656e6465725f6d6f64653d737065616b65720a6c61796f75743d372e312e340a646f776e6d69783d6175746f0a6472633d6c696e650a6469616c6e6f726d3d64656661756c740a76616c69646174696f6e5f70726f66696c653d6175746f0a6f616d645f7472696d5f636f6e66696775726174696f6e5f636f756e743d390a66696e616c5f6c696e6b65645f6761696e3d656e61626c6564,609,speaker,372e312e34,0,0.000000,0,0.000000,0,0.000000,0,0.000000,2080217745,18903835,4206,177720,1,3662420,3840140,789177,2054461801,2054639521,2054461801,0.068445556,true,938,939,1440800,1568,12,788847,2053672954,2053470636,0.068445556,14.610152394,2189416.795,118.826451,2102913,2603287,3682949,4467290,2103113,2603287,3682949,4467290,30.016000,0,a44fc36470d07f98c68053c9015e3cb169a21af927b1b3b93bd5712a42234671,ecdf701f04adb7d4057b0e8294af81e3777434f503e007e60c5d34dbdfaf20d7,6f70656e6a6f632d6566666563746976652d636f6e6669672d76310a72656e6465725f6d6f64653d737065616b65720a6c61796f75743d372e312e340a646f776e6d69783d6175746f0a6472633d6c696e650a6469616c6e6f726d3d64656661756c740a76616c69646174696f6e5f70726f66696c653d6175746f0a6f616d645f7472696d5f636f6e66696775726174696f6e5f636f756e743d390a66696e616c5f6c696e6b65645f6761696e3d656e61626c6564,609,speaker,372e312e34,0,0.000000,0,0.000000,0,0.000000,0,0.000000
speaker714-30,a44fc36470d07f98c68053c9015e3cb169a21af927b1b3b93bd5712a42234671,speaker,7.1.4,3,baseline-candidate,938,1440800,1568,12,8d3fb53e62e1e64971d17325a0ad2e1b554fac8d427eb9ca67e7d5c5b7414b83,5794eb77e7117973561ebfa392fb4c4e872138a22b155b26f0eb53653038c426,4125487682,36987647,4446,134778,1,8294810,8429588,1660224,4082132012,4082266790,4082132012,0.135998535,true,938,939,1440800,1568,12,1660034,4080471978,4081300256,0.135998535,7.353020410,4350183.345,236.103323,4218505,4983176,6382292,11666875,4219106,4983176,6382292,11666875,30.016000,0,a44fc36470d07f98c68053c9015e3cb169a21af927b1b3b93bd5712a42234671,ecdf701f04adb7d4057b0e8294af81e3777434f503e007e60c5d34dbdfaf20d7,6f70656e6a6f632d6566666563746976652d636f6e6669672d76310a72656e6465725f6d6f64653d737065616b65720a6c61796f75743d372e312e340a646f776e6d69783d6175746f0a6472633d6c696e650a6469616c6e6f726d3d64656661756c740a76616c69646174696f6e5f70726f66696c653d6175746f0a6f616d645f7472696d5f636f6e66696775726174696f6e5f636f756e743d390a66696e616c5f6c696e6b65645f6761696e3d656e61626c6564,609,speaker,372e312e34,0,0.000000,0,0.000000,0,0.000000,0,0.000000,2036844050,18719535,4867,134657,1,3680385,3815042,770229,2011548383,2011683040,2011548383,0.067015871,true,938,939,1440800,1568,12,770029,2010778354,2011528802,0.067015871,14.921838447,2143686.945,116.344414,2091226,2407660,2729121,4952682,2091357,2407660,2729121,4952682,30.016000,0,a44fc36470d07f98c68053c9015e3cb169a21af927b1b3b93bd5712a42234671,ecdf701f04adb7d4057b0e8294af81e3777434f503e007e60c5d34dbdfaf20d7,6f70656e6a6f632d6566666563746976652d636f6e6669672d76310a72656e6465725f6d6f64653d737065616b65720a6c61796f75743d372e312e340a646f776e6d69783d6175746f0a6472633d6c696e650a6469616c6e6f726d3d64656661756c740a76616c69646174696f6e5f70726f66696c653d6175746f0a6f616d645f7472696d5f636f6e66696775726174696f6e5f636f756e743d390a66696e616c5f6c696e6b65645f6761696e3d656e61626c6564,609,speaker,372e312e34,0,0.000000,0,0.000000,0,0.000000,0,0.000000
speaker714-30,a44fc36470d07f98c68053c9015e3cb169a21af927b1b3b93bd5712a42234671,speaker,7.1.4,4,candidate-baseline,938,1440800,1568,12,8d3fb53e62e1e64971d17325a0ad2e1b554fac8d427eb9ca67e7d5c5b7414b83,5794eb77e7117973561ebfa392fb4c4e872138a22b155b26f0eb53653038c426,4035074307,37135105,4397,175618,1,10966928,11142546,1824094,3991058985,3991234603,3991058985,0.132964385,true,938,939,1440800,1568,12,1823874,3989235111,3991221847,0.132964385,7.520810921,4252915.897,230.835820,4176513,4650087,5293130,7957757,4176513,4636487,5229007,7957757,30.016000,0,a44fc36470d07f98c68053c9015e3cb169a21af927b1b3b93bd5712a42234671,ecdf701f04adb7d4057b0e8294af81e3777434f503e007e60c5d34dbdfaf20d7,6f70656e6a6f632d6566666563746976652d636f6e6669672d76310a72656e6465725f6d6f64653d737065616b65720a6c61796f75743d372e312e340a646f776e6d69783d6175746f0a6472633d6c696e650a6469616c6e6f726d3d64656661756c740a76616c69646174696f6e5f70726f66696c653d6175746f0a6f616d645f7472696d5f636f6e66696775726174696f6e5f636f756e743d390a66696e616c5f6c696e6b65645f6761696e3d656e61626c6564,609,speaker,372e312e34,0,0.000000,0,0.000000,0,0.000000,0,0.000000,2004942939,18815336,3435,153686,1,4047865,4201551,791811,1979529035,1979682721,1979529035,0.065949128,true,938,939,1440800,1568,12,791651,1978737384,1979444524,0.065949128,15.163202696,2109528.128,114.492471,2061432,2335424,2456181,3131191,2061533,2335424,2456181,3131191,30.016000,0,a44fc36470d07f98c68053c9015e3cb169a21af927b1b3b93bd5712a42234671,ecdf701f04adb7d4057b0e8294af81e3777434f503e007e60c5d34dbdfaf20d7,6f70656e6a6f632d6566666563746976652d636f6e6669672d76310a72656e6465725f6d6f64653d737065616b65720a6c61796f75743d372e312e340a646f776e6d69783d6175746f0a6472633d6c696e650a6469616c6e6f726d3d64656661756c740a76616c69646174696f6e5f70726f66696c653d6175746f0a6f616d645f7472696d5f636f6e66696775726174696f6e5f636f756e743d390a66696e616c5f6c696e6b65645f6761696e3d656e61626c6564,609,speaker,372e312e34,0,0.000000,0,0.000000,0,0.000000,0,0.000000
speaker714-30,a44fc36470d07f98c68053c9015e3cb169a21af927b1b3b93bd5712a42234671,speaker,7.1.4,5,baseline-candidate,938,1440800,1568,12,8d3fb53e62e1e64971d17325a0ad2e1b554fac8d427eb9ca67e7d5c5b7414b83,5794eb77e7117973561ebfa392fb4c4e872138a22b155b26f0eb53653038c426,3999159133,36983543,4156,138163,1,8111723,8249886,1629569,3955429389,3955567552,3955429389,0.131777365,true,938,939,1440800,1568,12,1629268,3953800121,3955234952,0.131777365,7.588556652,4215138.722,228.775066,4137456,4619392,5169259,8244166,4137736,4619392,5169259,8244166,30.016000,0,a44fc36470d07f98c68053c9015e3cb169a21af927b1b3b93bd5712a42234671,ecdf701f04adb7d4057b0e8294af81e3777434f503e007e60c5d34dbdfaf20d7,6f70656e6a6f632d6566666563746976652d636f6e6669672d76310a72656e6465725f6d6f64653d737065616b65720a6c61796f75743d372e312e340a646f776e6d69783d6175746f0a6472633d6c696e650a6469616c6e6f726d3d64656661756c740a76616c69646174696f6e5f70726f66696c653d6175746f0a6f616d645f7472696d5f636f6e66696775726174696f6e5f636f756e743d390a66696e616c5f6c696e6b65645f6761696e3d656e61626c6564,609,speaker,372e312e34,0,0.000000,0,0.000000,0,0.000000,0,0.000000,2149476424,19389937,4947,139775,1,4115264,4255039,797650,2123403704,2123543479,2123403704,0.070742394,true,938,939,1440800,1568,12,797459,2122606245,2123317875,0.070742394,14.135795253,2262906.445,122.813929,2137233,2718185,4162403,14829793,2137354,2718185,4162403,14829793,30.016000,0,a44fc36470d07f98c68053c9015e3cb169a21af927b1b3b93bd5712a42234671,ecdf701f04adb7d4057b0e8294af81e3777434f503e007e60c5d34dbdfaf20d7,6f70656e6a6f632d6566666563746976652d636f6e6669672d76310a72656e6465725f6d6f64653d737065616b65720a6c61796f75743d372e312e340a646f776e6d69783d6175746f0a6472633d6c696e650a6469616c6e6f726d3d64656661756c740a76616c69646174696f6e5f70726f66696c653d6175746f0a6f616d645f7472696d5f636f6e66696775726174696f6e5f636f756e743d390a66696e616c5f6c696e6b65645f6761696e3d656e61626c6564,609,speaker,372e312e34,0,0.000000,0,0.000000,0,0.000000,0,0.000000
speaker714-60,8202e69a5cd13c9142165315f7640d2d7c3cf554b6de0bba8b2c5c40cc499cf2,speaker,7.1.4,1,baseline-candidate,1875,2880032,1568,12,8d3fb53e62e1e64971d17325a0ad2e1b554fac8d427eb9ca67e7d5c5b7414b83,5794eb77e7117973561ebfa392fb4c4e872138a22b155b26f0eb53653038c426,7772058693,36320611,4918,153365,1,8027500,8180865,1644761,7724636738,7724790103,7724636738,0.128743946,true,1875,1876,2880032,1568,12,1644571,7722992167,7723861020,0.128743946,7.767355545,4118929.156,223.511311,4047605,4399931,4837022,16731981,4047605,4399931,4837022,16731981,60.000000,0,8202e69a5cd13c9142165315f7640d2d7c3cf554b6de0bba8b2c5c40cc499cf2,ecdf701f04adb7d4057b0e8294af81e3777434f503e007e60c5d34dbdfaf20d7,6f70656e6a6f632d6566666563746976652d636f6e6669672d76310a72656e6465725f6d6f64653d737065616b65720a6c61796f75743d372e312e340a646f776e6d69783d6175746f0a6472633d6c696e650a6469616c6e6f726d3d64656661756c740a76616c69646174696f6e5f70726f66696c653d6175746f0a6f616d645f7472696d5f636f6e66696775726174696f6e5f636f756e743d390a66696e616c5f6c696e6b65645f6761696e3d656e61626c6564,609,speaker,372e312e34,0,0.000000,0,0.000000,0,0.000000,0,0.000000,4139978710,18864608,3825,141638,1,3615040,3756678,774406,4109687166,4109828804,4109687166,0.068494786,true,1875,1876,2880032,1568,12,774136,4108913030,4109927589,0.068494786,14.599651403,2191420.283,118.913238,2127499,2520796,3367197,5056423,2127499,2520796,3367197,5056423,60.000000,0,8202e69a5cd13c9142165315f7640d2d7c3cf554b6de0bba8b2c5c40cc499cf2,ecdf701f04adb7d4057b0e8294af81e3777434f503e007e60c5d34dbdfaf20d7,6f70656e6a6f632d6566666563746976652d636f6e6669672d76310a72656e6465725f6d6f64653d737065616b65720a6c61796f75743d372e312e340a646f776e6d69783d6175746f0a6472633d6c696e650a6469616c6e6f726d3d64656661756c740a76616c69646174696f6e5f70726f66696c653d6175746f0a6f616d645f7472696d5f636f6e66696775726174696f6e5f636f756e743d390a66696e616c5f6c696e6b65645f6761696e3d656e61626c6564,609,speaker,372e312e34,0,0.000000,0,0.000000,0,0.000000,0,0.000000
speaker714-60,8202e69a5cd13c9142165315f7640d2d7c3cf554b6de0bba8b2c5c40cc499cf2,speaker,7.1.4,2,candidate-baseline,1875,2880032,1568,12,8d3fb53e62e1e64971d17325a0ad2e1b554fac8d427eb9ca67e7d5c5b7414b83,5794eb77e7117973561ebfa392fb4c4e872138a22b155b26f0eb53653038c426,7834745198,35387601,4467,156699,1,8037974,8194673,1615679,7788438430,7788595129,7788438430,0.129807307,true,1875,1876,2880032,1568,12,1615488,7786822942,7787877796,0.129807307,7.703726561,4152972.236,225.357404,4097378,4466388,4819907,7733658,4097378,4466388,4819907,7733658,60.000000,0,8202e69a5cd13c9142165315f7640d2d7c3cf554b6de0bba8b2c5c40cc499cf2,ecdf701f04adb7d4057b0e8294af81e3777434f503e007e60c5d34dbdfaf20d7,6f70656e6a6f632d6566666563746976652d636f6e6669672d76310a72656e6465725f6d6f64653d737065616b65720a6c61796f75743d372e312e340a646f776e6d69783d6175746f0a6472633d6c696e650a6469616c6e6f726d3d64656661756c740a76616c69646174696f6e5f70726f66696c653d6175746f0a6f616d645f7472696d5f636f6e66696775726174696f6e5f636f756e743d390a66696e616c5f6c696e6b65645f6761696e3d656e61626c6564,609,speaker,372e312e34,0,0.000000,0,0.000000,0,0.000000,0,0.000000,3893337429,18460295,3966,160114,1,3694637,3854751,779893,3864297934,3864458048,3864297934,0.064404966,true,1875,1876,2880032,1568,12,779723,3863518211,3863975298,0.064404966,15.526753119,2060543.046,111.812934,2023066,2274335,2410725,6634928,2023066,2274335,2410725,6634928,60.000000,0,8202e69a5cd13c9142165315f7640d2d7c3cf554b6de0bba8b2c5c40cc499cf2,ecdf701f04adb7d4057b0e8294af81e3777434f503e007e60c5d34dbdfaf20d7,6f70656e6a6f632d6566666563746976652d636f6e6669672d76310a72656e6465725f6d6f64653d737065616b65720a6c61796f75743d372e312e340a646f776e6d69783d6175746f0a6472633d6c696e650a6469616c6e6f726d3d64656661756c740a76616c69646174696f6e5f70726f66696c653d6175746f0a6f616d645f7472696d5f636f6e66696775726174696f6e5f636f756e743d390a66696e616c5f6c696e6b65645f6761696e3d656e61626c6564,609,speaker,372e312e34,0,0.000000,0,0.000000,0,0.000000,0,0.000000
speaker714-60,8202e69a5cd13c9142165315f7640d2d7c3cf554b6de0bba8b2c5c40cc499cf2,speaker,7.1.4,3,baseline-candidate,1875,2880032,1568,12,8d3fb53e62e1e64971d17325a0ad2e1b554fac8d427eb9ca67e7d5c5b7414b83,5794eb77e7117973561ebfa392fb4c4e872138a22b155b26f0eb53653038c426,7879034294,37796314,4617,155087,1,8031916,8187003,1616390,7829725061,7829880148,7829725061,0.130495418,true,1875,1876,2880032,1568,12,1616119,7828108942,7829175065,0.130495418,7.663104328,4174991.436,226.552027,4100071,4507468,5216618,10239852,4100071,4507468,5216618,10239852,60.000000,0,8202e69a5cd13c9142165315f7640d2d7c3cf554b6de0bba8b2c5c40cc499cf2,ecdf701f04adb7d4057b0e8294af81e3777434f503e007e60c5d34dbdfaf20d7,6f70656e6a6f632d6566666563746976652d636f6e6669672d76310a72656e6465725f6d6f64653d737065616b65720a6c61796f75743d372e312e340a646f776e6d69783d6175746f0a6472633d6c696e650a6469616c6e6f726d3d64656661756c740a76616c69646174696f6e5f70726f66696c653d6175746f0a6f616d645f7472696d5f636f6e66696775726174696f6e5f636f756e743d390a66696e616c5f6c696e6b65645f6761696e3d656e61626c6564,609,speaker,372e312e34,0,0.000000,0,0.000000,0,0.000000,0,0.000000,3974748742,18590486,3765,134778,1,3736508,3871286,805171,3945049472,3945184250,3945049472,0.065750825,true,1875,1876,2880032,1568,12,805011,3944244461,3945198812,0.065750825,15.208934749,2103597.046,114.149469,2039530,2341233,3218709,5330796,2039530,2341233,3218709,5330796,60.000000,0,8202e69a5cd13c9142165315f7640d2d7c3cf554b6de0bba8b2c5c40cc499cf2,ecdf701f04adb7d4057b0e8294af81e3777434f503e007e60c5d34dbdfaf20d7,6f70656e6a6f632d6566666563746976652d636f6e6669672d76310a72656e6465725f6d6f64653d737065616b65720a6c61796f75743d372e312e340a646f776e6d69783d6175746f0a6472633d6c696e650a6469616c6e6f726d3d64656661756c740a76616c69646174696f6e5f70726f66696c653d6175746f0a6f616d645f7472696d5f636f6e66696775726174696f6e5f636f756e743d390a66696e616c5f6c696e6b65645f6761696e3d656e61626c6564,609,speaker,372e312e34,0,0.000000,0,0.000000,0,0.000000,0,0.000000
speaker714-60,8202e69a5cd13c9142165315f7640d2d7c3cf554b6de0bba8b2c5c40cc499cf2,speaker,7.1.4,4,candidate-baseline,1875,2880032,1568,12,8d3fb53e62e1e64971d17325a0ad2e1b554fac8d427eb9ca67e7d5c5b7414b83,5794eb77e7117973561ebfa392fb4c4e872138a22b155b26f0eb53653038c426,7829057884,35672409,4126,138022,1,7852052,7990074,1622509,7782112795,7782250817,7782112795,0.129701880,true,1875,1876,2880032,1568,12,1622338,7780490457,7782290290,0.129701880,7.709988480,4149594.910,225.174373,4096766,4464706,4702103,6649890,4096766,4464706,4702103,6649890,60.000000,0,8202e69a5cd13c9142165315f7640d2d7c3cf554b6de0bba8b2c5c40cc499cf2,ecdf701f04adb7d4057b0e8294af81e3777434f503e007e60c5d34dbdfaf20d7,6f70656e6a6f632d6566666563746976652d636f6e6669672d76310a72656e6465725f6d6f64653d737065616b65720a6c61796f75743d372e312e340a646f776e6d69783d6175746f0a6472633d6c696e650a6469616c6e6f726d3d64656661756c740a76616c69646174696f6e5f70726f66696c653d6175746f0a6f616d645f7472696d5f636f6e66696775726174696f6e5f636f756e743d390a66696e616c5f6c696e6b65645f6761696e3d656e61626c6564,609,speaker,372e312e34,0,0.000000,0,0.000000,0,0.000000,0,0.000000,4069437773,18820833,3796,140856,1,3662820,3803676,870687,4040096540,4040237396,4040096540,0.067334942,true,1875,1876,2880032,1568,12,870385,4039226155,4039504650,0.067334942,14.851130265,2154253.949,116.899643,2091025,2457172,3035921,5195056,2091025,2457172,3035921,5195056,60.000000,0,8202e69a5cd13c9142165315f7640d2d7c3cf554b6de0bba8b2c5c40cc499cf2,ecdf701f04adb7d4057b0e8294af81e3777434f503e007e60c5d34dbdfaf20d7,6f70656e6a6f632d6566666563746976652d636f6e6669672d76310a72656e6465725f6d6f64653d737065616b65720a6c61796f75743d372e312e340a646f776e6d69783d6175746f0a6472633d6c696e650a6469616c6e6f726d3d64656661756c740a76616c69646174696f6e5f70726f66696c653d6175746f0a6f616d645f7472696d5f636f6e66696775726174696f6e5f636f756e743d390a66696e616c5f6c696e6b65645f6761696e3d656e61626c6564,609,speaker,372e312e34,0,0.000000,0,0.000000,0,0.000000,0,0.000000
speaker714-60,8202e69a5cd13c9142165315f7640d2d7c3cf554b6de0bba8b2c5c40cc499cf2,speaker,7.1.4,5,baseline-candidate,1875,2880032,1568,12,8d3fb53e62e1e64971d17325a0ad2e1b554fac8d427eb9ca67e7d5c5b7414b83,5794eb77e7117973561ebfa392fb4c4e872138a22b155b26f0eb53653038c426,7986105544,37259245,3845,162258,1,7889286,8051544,1611352,7937605623,7937767881,7937605623,0.132293427,true,1875,1876,2880032,1568,12,1611192,7935994431,7937964799,0.132293427,7.558954532,4232530.363,229.673537,4172327,4632682,5012478,6530625,4172327,4632682,5012478,6530625,60.000000,0,8202e69a5cd13c9142165315f7640d2d7c3cf554b6de0bba8b2c5c40cc499cf2,ecdf701f04adb7d4057b0e8294af81e3777434f503e007e60c5d34dbdfaf20d7,6f70656e6a6f632d6566666563746976652d636f6e6669672d76310a72656e6465725f6d6f64653d737065616b65720a6c61796f75743d372e312e340a646f776e6d69783d6175746f0a6472633d6c696e650a6469616c6e6f726d3d64656661756c740a76616c69646174696f6e5f70726f66696c653d6175746f0a6f616d645f7472696d5f636f6e66696775726174696f6e5f636f756e743d390a66696e616c5f6c696e6b65645f6761696e3d656e61626c6564,609,speaker,372e312e34,0,0.000000,0,0.000000,0,0.000000,0,0.000000,4135820895,17908395,3865,138693,1,3885427,4024120,825049,4106403133,4106541826,4106403133,0.068440052,true,1875,1876,2880032,1568,12,824819,4105578314,4106458492,0.068440052,14.611327251,2189641.767,118.818215,2116723,2566042,3078754,7223481,2116723,2566042,3078754,7223481,60.000000,0,8202e69a5cd13c9142165315f7640d2d7c3cf554b6de0bba8b2c5c40cc499cf2,ecdf701f04adb7d4057b0e8294af81e3777434f503e007e60c5d34dbdfaf20d7,6f70656e6a6f632d6566666563746976652d636f6e6669672d76310a72656e6465725f6d6f64653d737065616b65720a6c61796f75743d372e312e340a646f776e6d69783d6175746f0a6472633d6c696e650a6469616c6e6f726d3d64656661756c740a76616c69646174696f6e5f70726f66696c653d6175746f0a6f616d645f7472696d5f636f6e66696775726174696f6e5f636f756e743d390a66696e616c5f6c696e6b65645f6761696e3d656e61626c6564,609,speaker,372e312e34,0,0.000000,0,0.000000,0,0.000000,0,0.000000
d1-714-30,a44fc36470d07f98c68053c9015e3cb169a21af927b1b3b93bd5712a42234671,binaural-d1,7.1.4,1,baseline-candidate,938,1441023,1791,2,8d3fb53e62e1e64971d17325a0ad2e1b554fac8d427eb9ca67e7d5c5b7414b83,5794eb77e7117973561ebfa392fb4c4e872138a22b155b26f0eb53653038c426,17841688751,155343279,9024,37310061,1,22064318,59374379,19554820,17640924649,17678234710,17640924649,0.587717372,true,938,939,1441023,1791,2,19551916,17621372733,17639512219,0.587717372,1.701498113,18786111.656,6120.972618,18609263,20062384,22064600,29535532,18610236,20062384,22064600,29535532,30.016000,0,a44fc36470d07f98c68053c9015e3cb169a21af927b1b3b93bd5712a42234671,b9dff643bcbf782307c9b71c2d2fa3ad6d72f66a879da1663f419bbb01d1c599,6f70656e6a6f632d6566666563746976652d636f6e6669672d76310a72656e6465725f6d6f64653d62696e617572616c0a6c61796f75743d372e312e340a646f776e6d69783d6175746f0a6472633d6c696e650a6469616c6e6f726d3d64656661756c740a76616c69646174696f6e5f70726f66696c653d6175746f0a6f616d645f7472696d5f636f6e66696775726174696f6e5f636f756e743d390a62696e617572616c5f7669727475616c5f6c61796f75743d372e312e340a62696e617572616c5f6c66655f706f6c6963793d6578636c7564650a62696e617572616c5f687274665f736f757263653d6275696c74696e3a53414449455f49495f44315f4b553130305f76322d320a62696e617572616c5f687274665f7368613235363d373864303438613638663834643334303531353738633236326534303165333562616130653731383930316638353334396166653032333266393835643464660a62696e617572616c5f6261636b656e643d6469726563740a66696e616c5f6c696e6b65645f6761696e3d64697361626c6564,577,binaural-d1,372e312e34,0,0.000000,0,0.000000,0,0.000000,0,0.000000,16111645209,136633541,8132,37682006,1,18082921,55764927,18251339,15928664413,15966346419,15928664413,0.530672455,true,938,939,1441023,1791,2,18250488,15910413925,15927042755,0.530672455,1.884401556,16962061.754,5526.859881,16735926,18428479,21015100,27624750,16736367,18428479,21015100,27624750,30.016000,0,a44fc36470d07f98c68053c9015e3cb169a21af927b1b3b93bd5712a42234671,b9dff643bcbf782307c9b71c2d2fa3ad6d72f66a879da1663f419bbb01d1c599,6f70656e6a6f632d6566666563746976652d636f6e6669672d76310a72656e6465725f6d6f64653d62696e617572616c0a6c61796f75743d372e312e340a646f776e6d69783d6175746f0a6472633d6c696e650a6469616c6e6f726d3d64656661756c740a76616c69646174696f6e5f70726f66696c653d6175746f0a6f616d645f7472696d5f636f6e66696775726174696f6e5f636f756e743d390a62696e617572616c5f7669727475616c5f6c61796f75743d372e312e340a62696e617572616c5f6c66655f706f6c6963793d6578636c7564650a62696e617572616c5f687274665f736f757263653d6275696c74696e3a53414449455f49495f44315f4b553130305f76322d320a62696e617572616c5f687274665f7368613235363d373864303438613638663834643334303531353738633236326534303165333562616130653731383930316638353334396166653032333266393835643464660a62696e617572616c5f6261636b656e643d6469726563740a66696e616c5f6c696e6b65645f6761696e3d64697361626c6564,577,binaural-d1,372e312e34,0,0.000000,0,0.000000,0,0.000000,0,0.000000
d1-714-30,a44fc36470d07f98c68053c9015e3cb169a21af927b1b3b93bd5712a42234671,binaural-d1,7.1.4,2,candidate-baseline,938,1441023,1791,2,8d3fb53e62e1e64971d17325a0ad2e1b554fac8d427eb9ca67e7d5c5b7414b83,5794eb77e7117973561ebfa392fb4c4e872138a22b155b26f0eb53653038c426,18063877703,165567096,18647,42410651,1,29433844,71844495,18198041,17847474497,17889885148,17847474497,0.594598697,true,938,939,1441023,1791,2,18197661,17829276836,17845982018,0.594598697,1.681806577,19007757.821,6192.640401,18646467,21213822,24243053,27357505,18647280,21213822,24243053,27357505,30.016000,0,a44fc36470d07f98c68053c9015e3cb169a21af927b1b3b93bd5712a42234671,b9dff643bcbf782307c9b71c2d2fa3ad6d72f66a879da1663f419bbb01d1c599,6f70656e6a6f632d6566666563746976652d636f6e6669672d76310a72656e6465725f6d6f64653d62696e617572616c0a6c61796f75743d372e312e340a646f776e6d69783d6175746f0a6472633d6c696e650a6469616c6e6f726d3d64656661756c740a76616c69646174696f6e5f70726f66696c653d6175746f0a6f616d645f7472696d5f636f6e66696775726174696f6e5f636f756e743d390a62696e617572616c5f7669727475616c5f6c61796f75743d372e312e340a62696e617572616c5f6c66655f706f6c6963793d6578636c7564650a62696e617572616c5f687274665f736f757263653d6275696c74696e3a53414449455f49495f44315f4b553130305f76322d320a62696e617572616c5f687274665f7368613235363d373864303438613638663834643334303531353738633236326534303165333562616130653731383930316638353334396166653032333266393835643464660a62696e617572616c5f6261636b656e643d6469726563740a66696e616c5f6c696e6b65645f6761696e3d64697361626c6564,577,binaural-d1,372e312e34,0,0.000000,0,0.000000,0,0.000000,0,0.000000,16172758167,137189656,9193,38230931,1,18641391,56872322,17612253,15989881917,16028112848,15989881917,0.532711951,true,938,939,1441023,1791,2,17611722,15972270195,15986408028,0.532711951,1.877187096,17028006.604,5548.100869,16656240,18802327,22022327,37161673,16660636,18802327,22022327,37161673,30.016000,0,a44fc36470d07f98c68053c9015e3cb169a21af927b1b3b93bd5712a42234671,b9dff643bcbf782307c9b71c2d2fa3ad6d72f66a879da1663f419bbb01d1c599,6f70656e6a6f632d6566666563746976652d636f6e6669672d76310a72656e6465725f6d6f64653d62696e617572616c0a6c61796f75743d372e312e340a646f776e6d69783d6175746f0a6472633d6c696e650a6469616c6e6f726d3d64656661756c740a76616c69646174696f6e5f70726f66696c653d6175746f0a6f616d645f7472696d5f636f6e66696775726174696f6e5f636f756e743d390a62696e617572616c5f7669727475616c5f6c61796f75743d372e312e340a62696e617572616c5f6c66655f706f6c6963793d6578636c7564650a62696e617572616c5f687274665f736f757263653d6275696c74696e3a53414449455f49495f44315f4b553130305f76322d320a62696e617572616c5f687274665f7368613235363d373864303438613638663834643334303531353738633236326534303165333562616130653731383930316638353334396166653032333266393835643464660a62696e617572616c5f6261636b656e643d6469726563740a66696e616c5f6c696e6b65645f6761696e3d64697361626c6564,577,binaural-d1,372e312e34,0,0.000000,0,0.000000,0,0.000000,0,0.000000
d1-714-30,a44fc36470d07f98c68053c9015e3cb169a21af927b1b3b93bd5712a42234671,binaural-d1,7.1.4,3,baseline-candidate,938,1441023,1791,2,8d3fb53e62e1e64971d17325a0ad2e1b554fac8d427eb9ca67e7d5c5b7414b83,5794eb77e7117973561ebfa392fb4c4e872138a22b155b26f0eb53653038c426,18224074471,161677499,8984,45259976,1,22919913,68179889,18427978,18008419948,18053679924,18008419948,0.599960686,true,938,939,1441023,1791,2,18427596,17989992352,18007192801,0.599960686,1.666775880,19179096.324,6248.484565,18895834,21054718,23511510,29918895,18902905,21054718,23511510,29918895,30.016000,0,a44fc36470d07f98c68053c9015e3cb169a21af927b1b3b93bd5712a42234671,b9dff643bcbf782307c9b71c2d2fa3ad6d72f66a879da1663f419bbb01d1c599,6f70656e6a6f632d6566666563746976652d636f6e6669672d76310a72656e6465725f6d6f64653d62696e617572616c0a6c61796f75743d372e312e340a646f776e6d69783d6175746f0a6472633d6c696e650a6469616c6e6f726d3d64656661756c740a76616c69646174696f6e5f70726f66696c653d6175746f0a6f616d645f7472696d5f636f6e66696775726174696f6e5f636f756e743d390a62696e617572616c5f7669727475616c5f6c61796f75743d372e312e340a62696e617572616c5f6c66655f706f6c6963793d6578636c7564650a62696e617572616c5f687274665f736f757263653d6275696c74696e3a53414449455f49495f44315f4b553130305f76322d320a62696e617572616c5f687274665f7368613235363d373864303438613638663834643334303531353738633236326534303165333562616130653731383930316638353334396166653032333266393835643464660a62696e617572616c5f6261636b656e643d6469726563740a66696e616c5f6c696e6b65645f6761696e3d64697361626c6564,577,binaural-d1,372e312e34,0,0.000000,0,0.000000,0,0.000000,0,0.000000,15826990440,143342267,11727,37989067,1,18967018,56956085,17341495,15638080363,15676069430,15638080363,0.520991483,true,938,939,1441023,1791,2,17340694,15620739669,15635400618,0.520991483,1.919417173,16653240.585,5426.034270,16558376,17444275,18783378,27194481,16558607,17444275,18783378,27194481,30.016000,0,a44fc36470d07f98c68053c9015e3cb169a21af927b1b3b93bd5712a42234671,b9dff643bcbf782307c9b71c2d2fa3ad6d72f66a879da1663f419bbb01d1c599,6f70656e6a6f632d6566666563746976652d636f6e6669672d76310a72656e6465725f6d6f64653d62696e617572616c0a6c61796f75743d372e312e340a646f776e6d69783d6175746f0a6472633d6c696e650a6469616c6e6f726d3d64656661756c740a76616c69646174696f6e5f70726f66696c653d6175746f0a6f616d645f7472696d5f636f6e66696775726174696f6e5f636f756e743d390a62696e617572616c5f7669727475616c5f6c61796f75743d372e312e340a62696e617572616c5f6c66655f706f6c6963793d6578636c7564650a62696e617572616c5f687274665f736f757263653d6275696c74696e3a53414449455f49495f44315f4b553130305f76322d320a62696e617572616c5f687274665f7368613235363d373864303438613638663834643334303531353738633236326534303165333562616130653731383930316638353334396166653032333266393835643464660a62696e617572616c5f6261636b656e643d6469726563740a66696e616c5f6c696e6b65645f6761696e3d64697361626c6564,577,binaural-d1,372e312e34,0,0.000000,0,0.000000,0,0.000000,0,0.000000
d1-714-30,a44fc36470d07f98c68053c9015e3cb169a21af927b1b3b93bd5712a42234671,binaural-d1,7.1.4,4,candidate-baseline,938,1441023,1791,2,8d3fb53e62e1e64971d17325a0ad2e1b554fac8d427eb9ca67e7d5c5b7414b83,5794eb77e7117973561ebfa392fb4c4e872138a22b155b26f0eb53653038c426,18176058596,153147073,24897,40233056,1,22853547,63086603,18239430,17975104416,18015337472,17975104416,0.598850760,true,938,939,1441023,1791,2,18238719,17956865697,17973971913,0.598850760,1.669865126,19143780.061,6236.924885,18740385,20938429,24791397,55093960,18742638,20938429,24791397,55093960,30.016000,0,a44fc36470d07f98c68053c9015e3cb169a21af927b1b3b93bd5712a42234671,b9dff643bcbf782307c9b71c2d2fa3ad6d72f66a879da1663f419bbb01d1c599,6f70656e6a6f632d6566666563746976652d636f6e6669672d76310a72656e6465725f6d6f64653d62696e617572616c0a6c61796f75743d372e312e340a646f776e6d69783d6175746f0a6472633d6c696e650a6469616c6e6f726d3d64656661756c740a76616c69646174696f6e5f70726f66696c653d6175746f0a6f616d645f7472696d5f636f6e66696775726174696f6e5f636f756e743d390a62696e617572616c5f7669727475616c5f6c61796f75743d372e312e340a62696e617572616c5f6c66655f706f6c6963793d6578636c7564650a62696e617572616c5f687274665f736f757263653d6275696c74696e3a53414449455f49495f44315f4b553130305f76322d320a62696e617572616c5f687274665f7368613235363d373864303438613638663834643334303531353738633236326534303165333562616130653731383930316638353334396166653032333266393835643464660a62696e617572616c5f6261636b656e643d6469726563740a66696e616c5f6c696e6b65645f6761696e3d64697361626c6564,577,binaural-d1,372e312e34,0,0.000000,0,0.000000,0,0.000000,0,0.000000,16296850421,145246468,15623,38553423,1,19388886,57942309,18082071,16104840647,16143394070,16104840647,0.536541866,true,938,939,1441023,1791,2,18081700,16086758947,16103858055,0.536541866,1.863787457,17150062.843,5587.988758,16707245,19199499,22675144,48535058,16708957,19199499,22675144,48535058,30.016000,0,a44fc36470d07f98c68053c9015e3cb169a21af927b1b3b93bd5712a42234671,b9dff643bcbf782307c9b71c2d2fa3ad6d72f66a879da1663f419bbb01d1c599,6f70656e6a6f632d6566666563746976652d636f6e6669672d76310a72656e6465725f6d6f64653d62696e617572616c0a6c61796f75743d372e312e340a646f776e6d69783d6175746f0a6472633d6c696e650a6469616c6e6f726d3d64656661756c740a76616c69646174696f6e5f70726f66696c653d6175746f0a6f616d645f7472696d5f636f6e66696775726174696f6e5f636f756e743d390a62696e617572616c5f7669727475616c5f6c61796f75743d372e312e340a62696e617572616c5f6c66655f706f6c6963793d6578636c7564650a62696e617572616c5f687274665f736f757263653d6275696c74696e3a53414449455f49495f44315f4b553130305f76322d320a62696e617572616c5f687274665f7368613235363d373864303438613638663834643334303531353738633236326534303165333562616130653731383930316638353334396166653032333266393835643464660a62696e617572616c5f6261636b656e643d6469726563740a66696e616c5f6c696e6b65645f6761696e3d64697361626c6564,577,binaural-d1,372e312e34,0,0.000000,0,0.000000,0,0.000000,0,0.000000
d1-714-30,a44fc36470d07f98c68053c9015e3cb169a21af927b1b3b93bd5712a42234671,binaural-d1,7.1.4,5,baseline-candidate,938,1441023,1791,2,8d3fb53e62e1e64971d17325a0ad2e1b554fac8d427eb9ca67e7d5c5b7414b83,5794eb77e7117973561ebfa392fb4c4e872138a22b155b26f0eb53653038c426,18279559551,154650874,8933,40531033,1,22488401,63019434,19633074,18076435984,18116967017,18076435984,0.602226679,true,938,939,1441023,1791,2,19632152,18056803832,18074534362,0.602226679,1.660504318,19250323.915,6272.084479,18935582,21091121,23888633,35717857,18935962,21091121,23888633,35717857,30.016000,0,a44fc36470d07f98c68053c9015e3cb169a21af927b1b3b93bd5712a42234671,b9dff643bcbf782307c9b71c2d2fa3ad6d72f66a879da1663f419bbb01d1c599,6f70656e6a6f632d6566666563746976652d636f6e6669672d76310a72656e6465725f6d6f64653d62696e617572616c0a6c61796f75743d372e312e340a646f776e6d69783d6175746f0a6472633d6c696e650a6469616c6e6f726d3d64656661756c740a76616c69646174696f6e5f70726f66696c653d6175746f0a6f616d645f7472696d5f636f6e66696775726174696f6e5f636f756e743d390a62696e617572616c5f7669727475616c5f6c61796f75743d372e312e340a62696e617572616c5f6c66655f706f6c6963793d6578636c7564650a62696e617572616c5f687274665f736f757263653d6275696c74696e3a53414449455f49495f44315f4b553130305f76322d320a62696e617572616c5f687274665f7368613235363d373864303438613638663834643334303531353738633236326534303165333562616130653731383930316638353334396166653032333266393835643464660a62696e617572616c5f6261636b656e643d6469726563740a66696e616c5f6c696e6b65645f6761696e3d64697361626c6564,577,binaural-d1,372e312e34,0,0.000000,0,0.000000,0,0.000000,0,0.000000,15892801991,138218535,10465,38241156,1,20259573,58500729,17444917,15705812374,15744053530,15705812374,0.523248014,true,938,939,1441023,1791,2,17444196,15688368178,15703067740,0.523248014,1.911139601,16725339.209,5449.535633,16487553,18162669,20663316,30960383,16489676,18162669,20663316,30960383,30.016000,0,a44fc36470d07f98c68053c9015e3cb169a21af927b1b3b93bd5712a42234671,b9dff643bcbf782307c9b71c2d2fa3ad6d72f66a879da1663f419bbb01d1c599,6f70656e6a6f632d6566666563746976652d636f6e6669672d76310a72656e6465725f6d6f64653d62696e617572616c0a6c61796f75743d372e312e340a646f776e6d69783d6175746f0a6472633d6c696e650a6469616c6e6f726d3d64656661756c740a76616c69646174696f6e5f70726f66696c653d6175746f0a6f616d645f7472696d5f636f6e66696775726174696f6e5f636f756e743d390a62696e617572616c5f7669727475616c5f6c61796f75743d372e312e340a62696e617572616c5f6c66655f706f6c6963793d6578636c7564650a62696e617572616c5f687274665f736f757263653d6275696c74696e3a53414449455f49495f44315f4b553130305f76322d320a62696e617572616c5f687274665f7368613235363d373864303438613638663834643334303531353738633236326534303165333562616130653731383930316638353334396166653032333266393835643464660a62696e617572616c5f6261636b656e643d6469726563740a66696e616c5f6c696e6b65645f6761696e3d64697361626c6564,577,binaural-d1,372e312e34,0,0.000000,0,0.000000,0,0.000000,0,0.000000
d1-714-60,8202e69a5cd13c9142165315f7640d2d7c3cf554b6de0bba8b2c5c40cc499cf2,binaural-d1,7.1.4,1,baseline-candidate,1875,2880255,1791,2,8d3fb53e62e1e64971d17325a0ad2e1b554fac8d427eb9ca67e7d5c5b7414b83,5794eb77e7117973561ebfa392fb4c4e872138a22b155b26f0eb53653038c426,36272412541,179300583,16574,37791598,1,29097312,66888910,18511390,36041699176,36079490774,36041699176,0.600694986,true,1875,1876,2880255,1791,2,18510869,36023188307,36041289934,0.600694986,1.664738383,19212367.097,6256.685463,18860252,21198830,23951416,36632442,18860252,21198830,23951416,36632442,60.000000,0,8202e69a5cd13c9142165315f7640d2d7c3cf554b6de0bba8b2c5c40cc499cf2,b9dff643bcbf782307c9b71c2d2fa3ad6d72f66a879da1663f419bbb01d1c599,6f70656e6a6f632d6566666563746976652d636f6e6669672d76310a72656e6465725f6d6f64653d62696e617572616c0a6c61796f75743d372e312e340a646f776e6d69783d6175746f0a6472633d6c696e650a6469616c6e6f726d3d64656661756c740a76616c69646174696f6e5f70726f66696c653d6175746f0a6f616d645f7472696d5f636f6e66696775726174696f6e5f636f756e743d390a62696e617572616c5f7669727475616c5f6c61796f75743d372e312e340a62696e617572616c5f6c66655f706f6c6963793d6578636c7564650a62696e617572616c5f687274665f736f757263653d6275696c74696e3a53414449455f49495f44315f4b553130305f76322d320a62696e617572616c5f687274665f7368613235363d373864303438613638663834643334303531353738633236326534303165333562616130653731383930316638353334396166653032333266393835643464660a62696e617572616c5f6261636b656e643d6469726563740a66696e616c5f6c696e6b65645f6761696e3d64697361626c6564,577,binaural-d1,372e312e34,0,0.000000,0,0.000000,0,0.000000,0,0.000000,31547090945,138231634,8072,41629324,1,17856189,59485513,19394575,31355061358,31396690682,31355061358,0.522584356,true,1875,1876,2880255,1791,2,19393694,31335667664,31353226054,0.522584356,1.913566659,16712356.087,5443.105100,16463677,18000772,19932623,61818082,16463677,18000772,19932623,61818082,60.000000,0,8202e69a5cd13c9142165315f7640d2d7c3cf554b6de0bba8b2c5c40cc499cf2,b9dff643bcbf782307c9b71c2d2fa3ad6d72f66a879da1663f419bbb01d1c599,6f70656e6a6f632d6566666563746976652d636f6e6669672d76310a72656e6465725f6d6f64653d62696e617572616c0a6c61796f75743d372e312e340a646f776e6d69783d6175746f0a6472633d6c696e650a6469616c6e6f726d3d64656661756c740a76616c69646174696f6e5f70726f66696c653d6175746f0a6f616d645f7472696d5f636f6e66696775726174696f6e5f636f756e743d390a62696e617572616c5f7669727475616c5f6c61796f75743d372e312e340a62696e617572616c5f6c66655f706f6c6963793d6578636c7564650a62696e617572616c5f687274665f736f757263653d6275696c74696e3a53414449455f49495f44315f4b553130305f76322d320a62696e617572616c5f687274665f7368613235363d373864303438613638663834643334303531353738633236326534303165333562616130653731383930316638353334396166653032333266393835643464660a62696e617572616c5f6261636b656e643d6469726563740a66696e616c5f6c696e6b65645f6761696e3d64697361626c6564,577,binaural-d1,372e312e34,0,0.000000,0,0.000000,0,0.000000,0,0.000000
d1-714-60,8202e69a5cd13c9142165315f7640d2d7c3cf554b6de0bba8b2c5c40cc499cf2,binaural-d1,7.1.4,2,candidate-baseline,1875,2880255,1791,2,8d3fb53e62e1e64971d17325a0ad2e1b554fac8d427eb9ca67e7d5c5b7414b83,5794eb77e7117973561ebfa392fb4c4e872138a22b155b26f0eb53653038c426,35680309453,161590920,9474,40464616,1,23572840,64037456,18712745,35465294145,35505758761,35465294145,0.591088236,true,1875,1876,2880255,1791,2,18712054,35446582091,35463043545,0.591088236,1.691794794,18904843.782,6156.624005,18701689,20212143,21670411,31387748,18701689,20212143,21670411,31387748,60.000000,0,8202e69a5cd13c9142165315f7640d2d7c3cf554b6de0bba8b2c5c40cc499cf2,b9dff643bcbf782307c9b71c2d2fa3ad6d72f66a879da1663f419bbb01d1c599,6f70656e6a6f632d6566666563746976652d636f6e6669672d76310a72656e6465725f6d6f64653d62696e617572616c0a6c61796f75743d372e312e340a646f776e6d69783d6175746f0a6472633d6c696e650a6469616c6e6f726d3d64656661756c740a76616c69646174696f6e5f70726f66696c653d6175746f0a6f616d645f7472696d5f636f6e66696775726174696f6e5f636f756e743d390a62696e617572616c5f7669727475616c5f6c61796f75743d372e312e340a62696e617572616c5f6c66655f706f6c6963793d6578636c7564650a62696e617572616c5f687274665f736f757263653d6275696c74696e3a53414449455f49495f44315f4b553130305f76322d320a62696e617572616c5f687274665f7368613235363d373864303438613638663834643334303531353738633236326534303165333562616130653731383930316638353334396166653032333266393835643464660a62696e617572616c5f6261636b656e643d6469726563740a66696e616c5f6c696e6b65645f6761696e3d64697361626c6564,577,binaural-d1,372e312e34,0,0.000000,0,0.000000,0,0.000000,0,0.000000,32844463390,150371091,10685,41897477,1,20810101,62707578,17741702,32638723729,32680621206,32638723729,0.543978729,true,1875,1876,2880255,1791,2,17741322,32620982407,32635740150,0.543978729,1.838307175,17397857.284,5665.943420,16864996,19829372,26118062,64124023,16864996,19829372,26118062,64124023,60.000000,0,8202e69a5cd13c9142165315f7640d2d7c3cf554b6de0bba8b2c5c40cc499cf2,b9dff643bcbf782307c9b71c2d2fa3ad6d72f66a879da1663f419bbb01d1c599,6f70656e6a6f632d6566666563746976652d636f6e6669672d76310a72656e6465725f6d6f64653d62696e617572616c0a6c61796f75743d372e312e340a646f776e6d69783d6175746f0a6472633d6c696e650a6469616c6e6f726d3d64656661756c740a76616c69646174696f6e5f70726f66696c653d6175746f0a6f616d645f7472696d5f636f6e66696775726174696f6e5f636f756e743d390a62696e617572616c5f7669727475616c5f6c61796f75743d372e312e340a62696e617572616c5f6c66655f706f6c6963793d6578636c7564650a62696e617572616c5f687274665f736f757263653d6275696c74696e3a53414449455f49495f44315f4b553130305f76322d320a62696e617572616c5f687274665f7368613235363d373864303438613638663834643334303531353738633236326534303165333562616130653731383930316638353334396166653032333266393835643464660a62696e617572616c5f6261636b656e643d6469726563740a66696e616c5f6c696e6b65645f6761696e3d64697361626c6564,577,binaural-d1,372e312e34,0,0.000000,0,0.000000,0,0.000000,0,0.000000
d1-714-60,8202e69a5cd13c9142165315f7640d2d7c3cf554b6de0bba8b2c5c40cc499cf2,binaural-d1,7.1.4,3,baseline-candidate,1875,2880255,1791,2,8d3fb53e62e1e64971d17325a0ad2e1b554fac8d427eb9ca67e7d5c5b7414b83,5794eb77e7117973561ebfa392fb4c4e872138a22b155b26f0eb53653038c426,37089535762,153674623,10015,43479345,1,22566134,66045479,22149764,36879037821,36922517166,36879037821,0.614650630,true,1875,1876,2880255,1791,2,22149033,36856888788,36875196245,0.614650630,1.626940494,19657007.354,6402.043885,19140813,22407061,27788802,78846058,19140813,22407061,27788802,78846058,60.000000,0,8202e69a5cd13c9142165315f7640d2d7c3cf554b6de0bba8b2c5c40cc499cf2,b9dff643bcbf782307c9b71c2d2fa3ad6d72f66a879da1663f419bbb01d1c599,6f70656e6a6f632d6566666563746976652d636f6e6669672d76310a72656e6465725f6d6f64653d62696e617572616c0a6c61796f75743d372e312e340a646f776e6d69783d6175746f0a6472633d6c696e650a6469616c6e6f726d3d64656661756c740a76616c69646174696f6e5f70726f66696c653d6175746f0a6f616d645f7472696d5f636f6e66696775726174696f6e5f636f756e743d390a62696e617572616c5f7669727475616c5f6c61796f75743d372e312e340a62696e617572616c5f6c66655f706f6c6963793d6578636c7564650a62696e617572616c5f687274665f736f757263653d6275696c74696e3a53414449455f49495f44315f4b553130305f76322d320a62696e617572616c5f687274665f7368613235363d373864303438613638663834643334303531353738633236326534303165333562616130653731383930316638353334396166653032333266393835643464660a62696e617572616c5f6261636b656e643d6469726563740a66696e616c5f6c696e6b65645f6761696e3d64697361626c6564,577,binaural-d1,372e312e34,0,0.000000,0,0.000000,0,0.000000,0,0.000000,33413047680,150552456,10375,43011385,1,19141423,62152808,18169509,33206731590,33249742975,33206731590,0.553445526,true,1875,1876,2880255,1791,2,18168548,33188563042,33204236563,0.553445526,1.806862558,17700566.956,5764.547165,16997370,21693696,28049763,35818344,16997370,21693696,28049763,35818344,60.000000,0,8202e69a5cd13c9142165315f7640d2d7c3cf554b6de0bba8b2c5c40cc499cf2,b9dff643bcbf782307c9b71c2d2fa3ad6d72f66a879da1663f419bbb01d1c599,6f70656e6a6f632d6566666563746976652d636f6e6669672d76310a72656e6465725f6d6f64653d62696e617572616c0a6c61796f75743d372e312e340a646f776e6d69783d6175746f0a6472633d6c696e650a6469616c6e6f726d3d64656661756c740a76616c69646174696f6e5f70726f66696c653d6175746f0a6f616d645f7472696d5f636f6e66696775726174696f6e5f636f756e743d390a62696e617572616c5f7669727475616c5f6c61796f75743d372e312e340a62696e617572616c5f6c66655f706f6c6963793d6578636c7564650a62696e617572616c5f687274665f736f757263653d6275696c74696e3a53414449455f49495f44315f4b553130305f76322d320a62696e617572616c5f687274665f7368613235363d373864303438613638663834643334303531353738633236326534303165333562616130653731383930316638353334396166653032333266393835643464660a62696e617572616c5f6261636b656e643d6469726563740a66696e616c5f6c696e6b65645f6761696e3d64697361626c6564,577,binaural-d1,372e312e34,0,0.000000,0,0.000000,0,0.000000,0,0.000000
d1-714-60,8202e69a5cd13c9142165315f7640d2d7c3cf554b6de0bba8b2c5c40cc499cf2,binaural-d1,7.1.4,4,candidate-baseline,1875,2880255,1791,2,8d3fb53e62e1e64971d17325a0ad2e1b554fac8d427eb9ca67e7d5c5b7414b83,5794eb77e7117973561ebfa392fb4c4e872138a22b155b26f0eb53653038c426,36580388351,163086998,7731,43784805,1,23745394,67530199,18521755,36360148887,36403933692,36360148887,0.606002481,true,1875,1876,2880255,1791,2,18521165,36341627722,36358906844,0.606002481,1.650158259,19382201.452,6311.966976,19002740,21108918,28221219,48264127,19002740,21108918,28221219,48264127,60.000000,0,8202e69a5cd13c9142165315f7640d2d7c3cf554b6de0bba8b2c5c40cc499cf2,b9dff643bcbf782307c9b71c2d2fa3ad6d72f66a879da1663f419bbb01d1c599,6f70656e6a6f632d6566666563746976652d636f6e6669672d76310a72656e6465725f6d6f64653d62696e617572616c0a6c61796f75743d372e312e340a646f776e6d69783d6175746f0a6472633d6c696e650a6469616c6e6f726d3d64656661756c740a76616c69646174696f6e5f70726f66696c653d6175746f0a6f616d645f7472696d5f636f6e66696775726174696f6e5f636f756e743d390a62696e617572616c5f7669727475616c5f6c61796f75743d372e312e340a62696e617572616c5f6c66655f706f6c6963793d6578636c7564650a62696e617572616c5f687274665f736f757263653d6275696c74696e3a53414449455f49495f44315f4b553130305f76322d320a62696e617572616c5f687274665f7368613235363d373864303438613638663834643334303531353738633236326534303165333562616130653731383930316638353334396166653032333266393835643464660a62696e617572616c5f6261636b656e643d6469726563740a66696e616c5f6c696e6b65645f6761696e3d64697361626c6564,577,binaural-d1,372e312e34,0,0.000000,0,0.000000,0,0.000000,0,0.000000,32461717850,142533912,10655,40967603,1,18698484,59666087,17775691,32264813070,32305780673,32264813070,0.537746885,true,1875,1876,2880255,1791,2,17775350,32247037720,32262551263,0.537746885,1.859610960,17198420.117,5601.034122,16800251,19385812,26015011,35641334,16800251,19385812,26015011,35641334,60.000000,0,8202e69a5cd13c9142165315f7640d2d7c3cf554b6de0bba8b2c5c40cc499cf2,b9dff643bcbf782307c9b71c2d2fa3ad6d72f66a879da1663f419bbb01d1c599,6f70656e6a6f632d6566666563746976652d636f6e6669672d76310a72656e6465725f6d6f64653d62696e617572616c0a6c61796f75743d372e312e340a646f776e6d69783d6175746f0a6472633d6c696e650a6469616c6e6f726d3d64656661756c740a76616c69646174696f6e5f70726f66696c653d6175746f0a6f616d645f7472696d5f636f6e66696775726174696f6e5f636f756e743d390a62696e617572616c5f7669727475616c5f6c61796f75743d372e312e340a62696e617572616c5f6c66655f706f6c6963793d6578636c7564650a62696e617572616c5f687274665f736f757263653d6275696c74696e3a53414449455f49495f44315f4b553130305f76322d320a62696e617572616c5f687274665f7368613235363d373864303438613638663834643334303531353738633236326534303165333562616130653731383930316638353334396166653032333266393835643464660a62696e617572616c5f6261636b656e643d6469726563740a66696e616c5f6c696e6b65645f6761696e3d64697361626c6564,577,binaural-d1,372e312e34,0,0.000000,0,0.000000,0,0.000000,0,0.000000
d1-714-60,8202e69a5cd13c9142165315f7640d2d7c3cf554b6de0bba8b2c5c40cc499cf2,binaural-d1,7.1.4,5,baseline-candidate,1875,2880255,1791,2,8d3fb53e62e1e64971d17325a0ad2e1b554fac8d427eb9ca67e7d5c5b7414b83,5794eb77e7117973561ebfa392fb4c4e872138a22b155b26f0eb53653038c426,36612061387,156836019,12128,40062576,1,23437593,63500169,18859931,36401837801,36441900377,36401837801,0.606697297,true,1875,1876,2880255,1791,2,18859491,36382978310,36400120402,0.606697297,1.648268429,19404255.099,6319.203994,19012024,21735867,27018542,36276646,19012024,21735867,27018542,36276646,60.000000,0,8202e69a5cd13c9142165315f7640d2d7c3cf554b6de0bba8b2c5c40cc499cf2,b9dff643bcbf782307c9b71c2d2fa3ad6d72f66a879da1663f419bbb01d1c599,6f70656e6a6f632d6566666563746976652d636f6e6669672d76310a72656e6465725f6d6f64653d62696e617572616c0a6c61796f75743d372e312e340a646f776e6d69783d6175746f0a6472633d6c696e650a6469616c6e6f726d3d64656661756c740a76616c69646174696f6e5f70726f66696c653d6175746f0a6f616d645f7472696d5f636f6e66696775726174696f6e5f636f756e743d390a62696e617572616c5f7669727475616c5f6c61796f75743d372e312e340a62696e617572616c5f6c66655f706f6c6963793d6578636c7564650a62696e617572616c5f687274665f736f757263653d6275696c74696e3a53414449455f49495f44315f4b553130305f76322d320a62696e617572616c5f687274665f7368613235363d373864303438613638663834643334303531353738633236326534303165333562616130653731383930316638353334396166653032333266393835643464660a62696e617572616c5f6261636b656e643d6469726563740a66696e616c5f6c696e6b65645f6761696e3d64697361626c6564,577,binaural-d1,372e312e34,0,0.000000,0,0.000000,0,0.000000,0,0.000000,32028566980,140780214,5859,42936690,1,18010605,60947295,17954694,31832252193,31875188883,31832252193,0.530537537,true,1875,1876,2880255,1791,2,17954323,31814297870,31829664362,0.530537537,1.884880769,16967625.531,5525.943396,16723077,18403761,20404906,42944141,16723077,18403761,20404906,42944141,60.000000,0,8202e69a5cd13c9142165315f7640d2d7c3cf554b6de0bba8b2c5c40cc499cf2,b9dff643bcbf782307c9b71c2d2fa3ad6d72f66a879da1663f419bbb01d1c599,6f70656e6a6f632d6566666563746976652d636f6e6669672d76310a72656e6465725f6d6f64653d62696e617572616c0a6c61796f75743d372e312e340a646f776e6d69783d6175746f0a6472633d6c696e650a6469616c6e6f726d3d64656661756c740a76616c69646174696f6e5f70726f66696c653d6175746f0a6f616d645f7472696d5f636f6e66696775726174696f6e5f636f756e743d390a62696e617572616c5f7669727475616c5f6c61796f75743d372e312e340a62696e617572616c5f6c66655f706f6c6963793d6578636c7564650a62696e617572616c5f687274665f736f757263653d6275696c74696e3a53414449455f49495f44315f4b553130305f76322d320a62696e617572616c5f687274665f7368613235363d373864303438613638663834643334303531353738633236326534303165333562616130653731383930316638353334396166653032333266393835643464660a62696e617572616c5f6261636b656e643d6469726563740a66696e616c5f6c696e6b65645f6761696e3d64697361626c6564,577,binaural-d1,372e312e34,0,0.000000,0,0.000000,0,0.000000,0,0.000000
