preset,layout,trajectory,stage,p50_us,p95_us,worst_us,mean_allocs,mean_alloc_bytes,errors
SadieD1Ku100,2.0,identity,total,58.538,71.458,86.560,9.00,8410.00,0
SadieD1Ku100,2.0,identity,transform,0.060,0.080,0.161,9.00,8410.00,0
SadieD1Ku100,2.0,identity,exact,57.386,70.206,85.128,9.00,8410.00,0
SadieD1Ku100,2.0,identity,ranking,0.000,0.000,0.000,9.00,8410.00,0
SadieD1Ku100,2.0,identity,geometry,0.000,0.000,0.000,9.00,8410.00,0
SadieD1Ku100,2.0,identity,taps,0.740,0.922,1.422,9.00,8410.00,0
SadieD1Ku100,2.0,identity,update,0.040,0.051,0.260,9.00,8410.00,0
SadieD1Ku100,2.0,rapid,total,369.737,908.638,2391.831,20.49,25512.45,0
SadieD1Ku100,2.0,rapid,transform,0.061,0.080,0.331,20.49,25512.45,0
SadieD1Ku100,2.0,rapid,exact,86.040,117.447,202.234,20.49,25512.45,0
SadieD1Ku100,2.0,rapid,ranking,212.539,275.105,393.993,20.49,25512.45,0
SadieD1Ku100,2.0,rapid,geometry,28.052,592.612,1996.115,20.49,25512.45,0
SadieD1Ku100,2.0,rapid,taps,4.476,5.248,202.715,20.49,25512.45,0
SadieD1Ku100,2.0,rapid,update,0.050,0.070,0.410,20.49,25512.45,0
SadieD1Ku100,2.0,nearby,total,257.338,286.111,1796.695,21.00,25656.00,0
SadieD1Ku100,2.0,nearby,transform,0.060,0.080,0.271,21.00,25656.00,0
SadieD1Ku100,2.0,nearby,exact,85.980,100.171,433.743,21.00,25656.00,0
SadieD1Ku100,2.0,nearby,ranking,144.356,162.053,1143.111,21.00,25656.00,0
SadieD1Ku100,2.0,nearby,geometry,23.094,24.116,560.894,21.00,25656.00,0
SadieD1Ku100,2.0,nearby,taps,2.994,3.245,29.253,21.00,25656.00,0
SadieD1Ku100,2.0,nearby,update,0.050,0.060,0.280,21.00,25656.00,0
SadieD1Ku100,5.1,identity,total,88.924,111.838,1527.089,21.00,21025.00,0
SadieD1Ku100,5.1,identity,transform,0.160,0.181,22.745,21.00,21025.00,0
SadieD1Ku100,5.1,identity,exact,86.179,107.733,1521.330,21.00,21025.00,0
SadieD1Ku100,5.1,identity,ranking,0.000,0.000,0.000,21.00,21025.00,0
SadieD1Ku100,5.1,identity,geometry,0.000,0.000,0.000,21.00,21025.00,0
SadieD1Ku100,5.1,identity,taps,1.852,2.305,74.493,21.00,21025.00,0
SadieD1Ku100,5.1,identity,update,0.040,0.100,0.301,21.00,21025.00,0
SadieD1Ku100,5.1,rapid,total,876.440,1820.751,5010.082,49.00,63639.68,0
SadieD1Ku100,5.1,rapid,transform,0.161,0.210,0.581,49.00,63639.68,0
SadieD1Ku100,5.1,rapid,exact,215.242,239.100,930.519,49.00,63639.68,0
SadieD1Ku100,5.1,rapid,ranking,524.630,606.312,4728.738,49.00,63639.68,0
SadieD1Ku100,5.1,rapid,geometry,107.652,809.970,3013.726,49.00,63639.68,0
SadieD1Ku100,5.1,rapid,taps,11.547,38.107,567.634,49.00,63639.68,0
SadieD1Ku100,5.1,rapid,update,0.090,0.160,173.271,49.00,63639.68,0
SadieD1Ku100,5.1,nearby,total,733.494,801.687,5493.420,51.00,64140.00,0
SadieD1Ku100,5.1,nearby,transform,0.160,0.181,0.380,51.00,64140.00,0
SadieD1Ku100,5.1,nearby,exact,215.253,236.335,4915.350,51.00,64140.00,0
SadieD1Ku100,5.1,nearby,ranking,445.009,493.954,1672.158,51.00,64140.00,0
SadieD1Ku100,5.1,nearby,geometry,58.528,72.300,225.418,51.00,64140.00,0
SadieD1Ku100,5.1,nearby,taps,7.561,8.272,176.565,51.00,64140.00,0
SadieD1Ku100,5.1,nearby,update,0.070,0.150,2.724,51.00,64140.00,0
SadieD1Ku100,7.1.4,identity,total,307.593,382.145,2275.926,45.00,46255.00,0
SadieD1Ku100,7.1.4,identity,transform,0.360,0.391,0.821,45.00,46255.00,0
SadieD1Ku100,7.1.4,identity,exact,301.267,373.051,2267.412,45.00,46255.00,0
SadieD1Ku100,7.1.4,identity,ranking,0.000,0.000,0.000,45.00,46255.00,0
SadieD1Ku100,7.1.4,identity,geometry,0.000,0.000,0.000,45.00,46255.00,0
SadieD1Ku100,7.1.4,identity,taps,4.297,5.146,164.098,45.00,46255.00,0
SadieD1Ku100,7.1.4,identity,update,0.070,0.160,0.441,45.00,46255.00,0
SadieD1Ku100,7.1.4,rapid,total,2027.352,3206.607,7806.111,106.85,140056.32,0
SadieD1Ku100,7.1.4,rapid,transform,0.360,0.462,13.360,106.85,140056.32,0
SadieD1Ku100,7.1.4,rapid,exact,485.803,509.588,734.515,106.85,140056.32,0
SadieD1Ku100,7.1.4,rapid,ranking,1138.875,1204.543,6268.486,106.85,140056.32,0
SadieD1Ku100,7.1.4,rapid,geometry,336.988,1557.565,6126.133,106.85,140056.32,0
SadieD1Ku100,7.1.4,rapid,taps,25.229,38.317,235.365,106.85,140056.32,0
SadieD1Ku100,7.1.4,rapid,update,0.140,0.271,2.374,106.85,140056.32,0
SadieD1Ku100,7.1.4,nearby,total,1774.010,1807.982,2877.572,108.00,140526.00,0
SadieD1Ku100,7.1.4,nearby,transform,0.360,0.442,1.053,108.00,140526.00,0
SadieD1Ku100,7.1.4,nearby,exact,475.413,503.246,1237.443,108.00,140526.00,0
SadieD1Ku100,7.1.4,nearby,ranking,1153.969,1181.659,2252.471,108.00,140526.00,0
SadieD1Ku100,7.1.4,nearby,geometry,116.343,131.498,431.270,108.00,140526.00,0
SadieD1Ku100,7.1.4,nearby,taps,17.056,18.207,34.501,108.00,140526.00,0
SadieD1Ku100,7.1.4,nearby,update,0.130,0.240,0.441,108.00,140526.00,0
SadieD1Ku100,9.1.6,identity,total,440.964,467.353,618.961,61.00,63075.00,0
SadieD1Ku100,9.1.6,identity,transform,0.490,0.521,13.131,61.00,63075.00,0
SadieD1Ku100,9.1.6,identity,exact,431.480,458.370,608.957,61.00,63075.00,0
SadieD1Ku100,9.1.6,identity,ranking,0.000,0.000,0.000,61.00,63075.00,0
SadieD1Ku100,9.1.6,identity,geometry,0.000,0.000,0.000,61.00,63075.00,0
SadieD1Ku100,9.1.6,identity,taps,5.890,6.569,33.659,61.00,63075.00,0
SadieD1Ku100,9.1.6,identity,update,0.100,0.180,12.899,61.00,63075.00,0
SadieD1Ku100,9.1.6,rapid,total,2938.062,4335.276,7595.503,145.98,191109.64,0
SadieD1Ku100,9.1.6,rapid,transform,0.500,0.720,1.343,145.98,191109.64,0
SadieD1Ku100,9.1.6,rapid,exact,660.255,742.189,1173.017,145.98,191109.64,0
SadieD1Ku100,9.1.6,rapid,ranking,1566.839,1764.535,3980.002,145.98,191109.64,0
SadieD1Ku100,9.1.6,rapid,geometry,617.739,2048.015,5257.354,145.98,191109.64,0
SadieD1Ku100,9.1.6,rapid,taps,35.293,47.463,208.462,145.98,191109.64,0
SadieD1Ku100,9.1.6,rapid,update,0.211,0.400,18.197,145.98,191109.64,0
SadieD1Ku100,9.1.6,nearby,total,2416.929,2832.594,9704.058,146.00,191450.00,0
SadieD1Ku100,9.1.6,nearby,transform,0.500,0.640,48.773,146.00,191450.00,0
SadieD1Ku100,9.1.6,nearby,exact,660.848,803.722,3883.669,146.00,191450.00,0
SadieD1Ku100,9.1.6,nearby,ranking,1567.572,1867.810,8856.521,146.00,191450.00,0
SadieD1Ku100,9.1.6,nearby,geometry,150.978,200.009,915.949,146.00,191450.00,0
SadieD1Ku100,9.1.6,nearby,taps,24.008,30.467,243.389,146.00,191450.00,0
SadieD1Ku100,9.1.6,nearby,update,0.201,0.371,0.801,146.00,191450.00,0
SadieD2Kemar,2.0,identity,total,44.207,67.041,341.394,9.00,8410.00,0
SadieD2Kemar,2.0,identity,transform,0.060,0.080,0.200,9.00,8410.00,0
SadieD2Kemar,2.0,identity,exact,43.055,63.435,339.330,9.00,8410.00,0
SadieD2Kemar,2.0,identity,ranking,0.000,0.000,0.000,9.00,8410.00,0
SadieD2Kemar,2.0,identity,geometry,0.000,0.000,0.000,9.00,8410.00,0
SadieD2Kemar,2.0,identity,taps,0.731,0.952,215.565,9.00,8410.00,0
SadieD2Kemar,2.0,identity,update,0.040,0.060,0.150,9.00,8410.00,0
SadieD2Kemar,2.0,rapid,total,368.085,910.581,2842.179,20.49,25512.45,0
SadieD2Kemar,2.0,rapid,transform,0.061,0.080,0.170,20.49,25512.45,0
SadieD2Kemar,2.0,rapid,exact,86.090,107.843,2515.407,20.49,25512.45,0
SadieD2Kemar,2.0,rapid,ranking,214.604,339.040,2237.799,20.49,25512.45,0
SadieD2Kemar,2.0,rapid,geometry,27.592,562.437,1827.951,20.49,25512.45,0
SadieD2Kemar,2.0,rapid,taps,4.738,17.366,330.857,20.49,25512.45,0
SadieD2Kemar,2.0,rapid,update,0.050,0.090,0.361,20.49,25512.45,0
SadieD2Kemar,2.0,nearby,total,260.091,359.200,717.400,21.00,25656.00,0
SadieD2Kemar,2.0,nearby,transform,0.060,0.080,0.191,21.00,25656.00,0
SadieD2Kemar,2.0,nearby,exact,86.079,111.749,543.689,21.00,25656.00,0
SadieD2Kemar,2.0,nearby,ranking,146.120,203.206,474.274,21.00,25656.00,0
SadieD2Kemar,2.0,nearby,geometry,23.175,37.867,204.318,21.00,25656.00,0
SadieD2Kemar,2.0,nearby,taps,3.014,3.425,67.200,21.00,25656.00,0
SadieD2Kemar,2.0,nearby,update,0.041,0.070,0.301,21.00,25656.00,0
SadieD2Kemar,5.1,identity,total,88.904,140.000,1818.568,21.00,21025.00,0
SadieD2Kemar,5.1,identity,transform,0.160,0.181,0.281,21.00,21025.00,0
SadieD2Kemar,5.1,identity,exact,86.180,135.856,1673.760,21.00,21025.00,0
SadieD2Kemar,5.1,identity,ranking,0.000,0.000,0.000,21.00,21025.00,0
SadieD2Kemar,5.1,identity,geometry,0.000,0.000,0.000,21.00,21025.00,0
SadieD2Kemar,5.1,identity,taps,1.824,2.333,143.116,21.00,21025.00,0
SadieD2Kemar,5.1,identity,update,0.040,0.111,0.410,21.00,21025.00,0
SadieD2Kemar,5.1,rapid,total,893.665,1756.014,8531.283,49.00,63639.68,0
SadieD2Kemar,5.1,rapid,transform,0.161,0.191,0.430,49.00,63639.68,0
SadieD2Kemar,5.1,rapid,exact,215.326,270.366,6347.676,49.00,63639.68,0
SadieD2Kemar,5.1,rapid,ranking,539.253,651.230,5942.797,49.00,63639.68,0
SadieD2Kemar,5.1,rapid,geometry,111.618,833.305,7714.063,49.00,63639.68,0
SadieD2Kemar,5.1,rapid,taps,11.487,21.722,210.807,49.00,63639.68,0
SadieD2Kemar,5.1,rapid,update,0.090,0.180,0.461,49.00,63639.68,0
SadieD2Kemar,5.1,nearby,total,733.554,782.659,2644.882,51.00,64140.00,0
SadieD2Kemar,5.1,nearby,transform,0.160,0.181,31.978,51.00,64140.00,0
SadieD2Kemar,5.1,nearby,exact,215.273,234.284,462.374,51.00,64140.00,0
SadieD2Kemar,5.1,nearby,ranking,444.518,479.311,2359.151,51.00,64140.00,0
SadieD2Kemar,5.1,nearby,geometry,58.608,72.050,246.331,51.00,64140.00,0
SadieD2Kemar,5.1,nearby,taps,7.612,8.171,35.264,51.00,64140.00,0
SadieD2Kemar,5.1,nearby,update,0.070,0.140,0.320,51.00,64140.00,0
SadieD2Kemar,7.1.4,identity,total,307.613,336.937,473.262,45.00,46255.00,0
SadieD2Kemar,7.1.4,identity,transform,0.360,0.390,12.428,45.00,46255.00,0
SadieD2Kemar,7.1.4,identity,exact,301.312,330.007,465.781,45.00,46255.00,0
SadieD2Kemar,7.1.4,identity,ranking,0.000,0.000,0.000,45.00,46255.00,0
SadieD2Kemar,7.1.4,identity,geometry,0.000,0.000,0.000,45.00,46255.00,0
SadieD2Kemar,7.1.4,identity,taps,4.308,4.937,27.233,45.00,46255.00,0
SadieD2Kemar,7.1.4,identity,update,0.070,0.150,0.411,45.00,46255.00,0
SadieD2Kemar,7.1.4,rapid,total,2026.371,3209.501,6741.638,106.85,140056.32,0
SadieD2Kemar,7.1.4,rapid,transform,0.360,0.460,14.152,106.85,140056.32,0
SadieD2Kemar,7.1.4,rapid,exact,485.720,505.742,1750.853,106.85,140056.32,0
SadieD2Kemar,7.1.4,rapid,ranking,1140.145,1198.596,2116.535,106.85,140056.32,0
SadieD2Kemar,7.1.4,rapid,geometry,338.551,1555.021,5095.851,106.85,140056.32,0
SadieD2Kemar,7.1.4,rapid,taps,25.357,37.385,79.501,106.85,140056.32,0
SadieD2Kemar,7.1.4,rapid,update,0.140,0.271,0.451,106.85,140056.32,0
SadieD2Kemar,7.1.4,nearby,total,1778.097,1882.689,2861.648,108.00,140526.00,0
SadieD2Kemar,7.1.4,nearby,transform,0.360,0.450,14.272,108.00,140526.00,0
SadieD2Kemar,7.1.4,nearby,exact,485.199,511.130,693.915,108.00,140526.00,0
SadieD2Kemar,7.1.4,nearby,ranking,1156.251,1220.657,2233.432,108.00,140526.00,0
SadieD2Kemar,7.1.4,nearby,geometry,116.235,133.311,322.974,108.00,140526.00,0
SadieD2Kemar,7.1.4,nearby,taps,17.318,18.901,244.379,108.00,140526.00,0
SadieD2Kemar,7.1.4,nearby,update,0.130,0.251,7.892,108.00,140526.00,0
SadieD2Kemar,9.1.6,identity,total,443.057,478.220,1170.342,61.00,63075.00,0
SadieD2Kemar,9.1.6,identity,transform,0.490,0.531,15.396,61.00,63075.00,0
SadieD2Kemar,9.1.6,identity,exact,432.770,468.994,1160.517,61.00,63075.00,0
SadieD2Kemar,9.1.6,identity,ranking,0.000,0.000,0.000,61.00,63075.00,0
SadieD2Kemar,9.1.6,identity,geometry,0.000,0.000,0.000,61.00,63075.00,0
SadieD2Kemar,9.1.6,identity,taps,5.932,6.700,30.314,61.00,63075.00,0
SadieD2Kemar,9.1.6,identity,update,0.110,0.181,0.461,61.00,63075.00,0
SadieD2Kemar,9.1.6,rapid,total,2905.494,4309.227,8275.347,145.98,191109.64,0
SadieD2Kemar,9.1.6,rapid,transform,0.493,0.662,96.736,145.98,191109.64,0
SadieD2Kemar,9.1.6,rapid,exact,659.074,713.433,2793.959,145.98,191109.64,0
SadieD2Kemar,9.1.6,rapid,ranking,1557.413,1699.878,5495.736,145.98,191109.64,0
SadieD2Kemar,9.1.6,rapid,geometry,619.916,2045.948,4972.646,145.98,191109.64,0
SadieD2Kemar,9.1.6,rapid,taps,35.783,50.265,612.610,145.98,191109.64,0
SadieD2Kemar,9.1.6,rapid,update,0.210,0.381,0.691,145.98,191109.64,0
SadieD2Kemar,9.1.6,nearby,total,2414.604,2634.626,8239.975,146.00,191450.00,0
SadieD2Kemar,9.1.6,nearby,transform,0.500,0.671,1.092,146.00,191450.00,0
SadieD2Kemar,9.1.6,nearby,exact,660.194,725.662,1873.121,146.00,191450.00,0
SadieD2Kemar,9.1.6,nearby,ranking,1568.253,1740.420,7400.330,146.00,191450.00,0
SadieD2Kemar,9.1.6,nearby,geometry,150.166,185.491,539.442,146.00,191450.00,0
SadieD2Kemar,9.1.6,nearby,taps,24.167,26.951,164.764,146.00,191450.00,0
SadieD2Kemar,9.1.6,nearby,update,0.191,0.361,0.671,146.00,191450.00,0
