preset,layout,trajectory,stage,p50_us,p95_us,worst_us,mean_allocs,mean_alloc_bytes,cpu_mean_us,errors
SadieD1Ku100,2.0,smooth,total,210.707,1819.238,2050.897,21.72,25546.40,411.976,0
SadieD1Ku100,2.0,smooth,transform,0.061,0.080,0.180,21.72,25546.40,411.976,0
SadieD1Ku100,2.0,smooth,exact,86.019,114.673,333.722,21.72,25546.40,411.976,0
SadieD1Ku100,2.0,smooth,ranking,36.014,51.677,168.715,21.72,25546.40,411.976,0
SadieD1Ku100,2.0,smooth,geometry,78.327,1690.575,1924.867,21.72,25546.40,411.976,0
SadieD1Ku100,2.0,smooth,taps,3.546,4.517,50.586,21.72,25546.40,411.976,0
SadieD1Ku100,2.0,smooth,update,0.050,0.130,0.331,21.72,25546.40,411.976,0
SadieD1Ku100,5.1,smooth,total,786.053,2272.901,2548.035,53.52,63882.33,877.095,0
SadieD1Ku100,5.1,smooth,transform,0.161,0.270,0.481,53.52,63882.33,877.095,0
SadieD1Ku100,5.1,smooth,exact,215.205,278.970,366.131,53.52,63882.33,877.095,0
SadieD1Ku100,5.1,smooth,ranking,92.678,118.028,1098.253,53.52,63882.33,877.095,0
SadieD1Ku100,5.1,smooth,geometry,433.784,1941.624,2201.082,53.52,63882.33,877.095,0
SadieD1Ku100,5.1,smooth,taps,9.574,11.968,57.487,53.52,63882.33,877.095,0
SadieD1Ku100,5.1,smooth,update,0.120,0.231,0.370,53.52,63882.33,877.095,0
SadieD1Ku100,7.1.4,smooth,total,1367.428,4327.443,5310.343,110.91,140095.68,1567.101,0
SadieD1Ku100,7.1.4,smooth,transform,0.380,0.501,0.891,110.91,140095.68,1567.101,0
SadieD1Ku100,7.1.4,smooth,exact,484.909,573.695,750.709,110.91,140095.68,1567.101,0
SadieD1Ku100,7.1.4,smooth,ranking,219.622,279.119,545.960,110.91,140095.68,1567.101,0
SadieD1Ku100,7.1.4,smooth,geometry,639.090,3583.884,4583.567,110.91,140095.68,1567.101,0
SadieD1Ku100,7.1.4,smooth,taps,21.702,26.513,1267.297,110.91,140095.68,1567.101,0
SadieD1Ku100,7.1.4,smooth,update,0.190,0.311,22.363,110.91,140095.68,1567.101,0
SadieD1Ku100,9.1.6,smooth,total,1801.532,5190.092,5631.155,149.55,190894.73,2043.355,0
SadieD1Ku100,9.1.6,smooth,transform,0.500,0.681,0.861,149.55,190894.73,2043.355,0
SadieD1Ku100,9.1.6,smooth,exact,661.217,796.439,961.066,149.55,190894.73,2043.355,0
SadieD1Ku100,9.1.6,smooth,ranking,299.031,371.026,573.585,149.55,190894.73,2043.355,0
SadieD1Ku100,9.1.6,smooth,geometry,727.484,4103.787,4519.491,149.55,190894.73,2043.355,0
SadieD1Ku100,9.1.6,smooth,taps,29.965,35.845,189.096,149.55,190894.73,2043.355,0
SadieD1Ku100,9.1.6,smooth,update,0.250,0.371,0.521,149.55,190894.73,2043.355,0
SadieD2Kemar,2.0,smooth,total,210.586,1828.813,5178.133,21.72,25546.40,427.770,0
SadieD2Kemar,2.0,smooth,transform,0.061,0.080,0.221,21.72,25546.40,427.770,0
SadieD2Kemar,2.0,smooth,exact,86.029,104.137,342.696,21.72,25546.40,427.770,0
SadieD2Kemar,2.0,smooth,ranking,35.794,49.524,2110.607,21.72,25546.40,427.770,0
SadieD2Kemar,2.0,smooth,geometry,77.978,1687.289,5047.937,21.72,25546.40,427.770,0
SadieD2Kemar,2.0,smooth,taps,3.615,5.148,42.243,21.72,25546.40,427.770,0
SadieD2Kemar,2.0,smooth,update,0.050,0.120,0.260,21.72,25546.40,427.770,0
SadieD2Kemar,5.1,smooth,total,779.854,2199.661,2492.031,53.52,63882.33,853.434,0
SadieD2Kemar,5.1,smooth,transform,0.160,0.251,0.451,53.52,63882.33,853.434,0
SadieD2Kemar,5.1,smooth,exact,215.124,258.859,1363.176,53.52,63882.33,853.434,0
SadieD2Kemar,5.1,smooth,ranking,92.770,112.199,384.810,53.52,63882.33,853.434,0
SadieD2Kemar,5.1,smooth,geometry,405.602,1876.015,2163.847,53.52,63882.33,853.434,0
SadieD2Kemar,5.1,smooth,taps,9.895,12.637,28.935,53.52,63882.33,853.434,0
SadieD2Kemar,5.1,smooth,update,0.120,0.200,0.310,53.52,63882.33,853.434,0
SadieD2Kemar,7.1.4,smooth,total,1355.411,4215.135,4461.275,110.91,140095.68,1529.363,0
SadieD2Kemar,7.1.4,smooth,transform,0.361,0.481,14.501,110.91,140095.68,1529.363,0
SadieD2Kemar,7.1.4,smooth,exact,475.785,512.181,851.843,110.91,140095.68,1529.363,0
SadieD2Kemar,7.1.4,smooth,ranking,216.473,251.888,361.366,110.91,140095.68,1529.363,0
SadieD2Kemar,7.1.4,smooth,geometry,634.768,3496.365,3675.261,110.91,140095.68,1529.363,0
SadieD2Kemar,7.1.4,smooth,taps,22.294,27.411,68.221,110.91,140095.68,1529.363,0
SadieD2Kemar,7.1.4,smooth,update,0.190,0.320,0.701,110.91,140095.68,1529.363,0
SadieD2Kemar,9.1.6,smooth,total,1710.915,5037.394,5636.565,149.55,190894.73,1995.223,0
SadieD2Kemar,9.1.6,smooth,transform,0.491,0.711,1.054,149.55,190894.73,1995.223,0
SadieD2Kemar,9.1.6,smooth,exact,657.971,706.043,830.913,149.55,190894.73,1995.223,0
SadieD2Kemar,9.1.6,smooth,ranking,294.432,343.296,1473.188,149.55,190894.73,1995.223,0
SadieD2Kemar,9.1.6,smooth,geometry,711.721,4057.939,4641.038,149.55,190894.73,1995.223,0
SadieD2Kemar,9.1.6,smooth,taps,30.418,35.174,56.323,149.55,190894.73,1995.223,0
SadieD2Kemar,9.1.6,smooth,update,0.240,0.370,0.500,149.55,190894.73,1995.223,0
