case,mode,layout,input_sha256,repetition,run_order,valid,baseline_external_process_wall_ns,baseline_api_probe_binary_sha256,baseline_summary_warmup_ns,baseline_summary_reset_after_warmup_ns,baseline_summary_init_ns,baseline_summary_first_pcm_output_after_au,baseline_summary_api_time_to_first_pcm_ns,baseline_summary_first_pcm_including_init_ns,baseline_summary_drain_loop_wall_including_output_write_ns,baseline_summary_api_pipeline_wall_ns,baseline_summary_api_pipeline_plus_init_ns,baseline_summary_api_pipeline_plus_orientation_control_ns,baseline_summary_orientation_inclusive_rtf_lower_is_better,baseline_summary_timing_only,baseline_summary_input_access_units,baseline_summary_output_frames,baseline_summary_output_sample_count,baseline_summary_tail_samples,baseline_summary_channel_count,baseline_summary_drain_api_wall_ns,baseline_summary_push_receive_sum_ns,baseline_summary_probe_process_cpu_ns,baseline_summary_processing_rtf_excludes_orientation_control_lower_is_better,baseline_summary_realtime_speed_higher_is_better,baseline_summary_ns_per_au,baseline_summary_ns_per_scalar_sample,baseline_summary_call_p50_ns,baseline_summary_call_p95_ns,baseline_summary_call_p99_ns,baseline_summary_call_max_ns,baseline_summary_steady_call_p50_ns_excludes_first_au,baseline_summary_steady_call_p95_ns_excludes_first_au,baseline_summary_steady_call_p99_ns_excludes_first_au,baseline_summary_steady_call_max_ns_excludes_first_au,baseline_summary_program_audio_seconds,baseline_summary_orientation_prepare_total_ns,baseline_summary_input_sha256,baseline_summary_config_fingerprint,baseline_summary_config_descriptor_hex,baseline_summary_latency_samples,baseline_summary_mode,baseline_summary_layout,baseline_allocation_au_alloc_calls_total,baseline_allocation_au_alloc_calls_mean,baseline_allocation_au_realloc_calls_total,baseline_allocation_au_realloc_calls_mean,baseline_allocation_au_dealloc_calls_total,baseline_allocation_au_dealloc_calls_mean,baseline_allocation_au_requested_bytes_total,baseline_allocation_au_requested_bytes_mean,candidate_external_process_wall_ns,candidate_api_probe_binary_sha256,candidate_summary_warmup_ns,candidate_summary_reset_after_warmup_ns,candidate_summary_init_ns,candidate_summary_first_pcm_output_after_au,candidate_summary_api_time_to_first_pcm_ns,candidate_summary_first_pcm_including_init_ns,candidate_summary_drain_loop_wall_including_output_write_ns,candidate_summary_api_pipeline_wall_ns,candidate_summary_api_pipeline_plus_init_ns,candidate_summary_api_pipeline_plus_orientation_control_ns,candidate_summary_orientation_inclusive_rtf_lower_is_better,candidate_summary_timing_only,candidate_summary_input_access_units,candidate_summary_output_frames,candidate_summary_output_sample_count,candidate_summary_tail_samples,candidate_summary_channel_count,candidate_summary_drain_api_wall_ns,candidate_summary_push_receive_sum_ns,candidate_summary_probe_process_cpu_ns,candidate_summary_processing_rtf_excludes_orientation_control_lower_is_better,candidate_summary_realtime_speed_higher_is_better,candidate_summary_ns_per_au,candidate_summary_ns_per_scalar_sample,candidate_summary_call_p50_ns,candidate_summary_call_p95_ns,candidate_summary_call_p99_ns,candidate_summary_call_max_ns,candidate_summary_steady_call_p50_ns_excludes_first_au,candidate_summary_steady_call_p95_ns_excludes_first_au,candidate_summary_steady_call_p99_ns_excludes_first_au,candidate_summary_steady_call_max_ns_excludes_first_au,candidate_summary_program_audio_seconds,candidate_summary_orientation_prepare_total_ns,candidate_summary_input_sha256,candidate_summary_config_fingerprint,candidate_summary_config_descriptor_hex,candidate_summary_latency_samples,candidate_summary_mode,candidate_summary_layout,candidate_allocation_au_alloc_calls_total,candidate_allocation_au_alloc_calls_mean,candidate_allocation_au_realloc_calls_total,candidate_allocation_au_realloc_calls_mean,candidate_allocation_au_dealloc_calls_total,candidate_allocation_au_dealloc_calls_mean,candidate_allocation_au_requested_bytes_total,candidate_allocation_au_requested_bytes_mean
d1-714-30,binaural-d1,7.1.4,a44fc36470d07f98c68053c9015e3cb169a21af927b1b3b93bd5712a42234671,1,baseline-candidate,true,7275198801,5119559528132d2087e0b95065278e4fce09bbdd3a4bced413cc09fe81c20642,69769856,10976,40572423,1,8928913,49501336,8717472,7156040856,7196613279,7156040856,0.238407545,true,938,939,1441023,1791,2,8717122,7147323734,7149523055,0.238407545,4.194498132,7619748.117,2482.972463,7334675,9239859,12392692,29124815,7336618,9239859,12392692,29124815,30.016000,0,a44fc36470d07f98c68053c9015e3cb169a21af927b1b3b93bd5712a42234671,b9dff643bcbf782307c9b71c2d2fa3ad6d72f66a879da1663f419bbb01d1c599,6f70656e6a6f632d6566666563746976652d636f6e6669672d76310a72656e6465725f6d6f64653d62696e617572616c0a6c61796f75743d372e312e340a646f776e6d69783d6175746f0a6472633d6c696e650a6469616c6e6f726d3d64656661756c740a76616c69646174696f6e5f70726f66696c653d6175746f0a6f616d645f7472696d5f636f6e66696775726174696f6e5f636f756e743d390a62696e617572616c5f7669727475616c5f6c61796f75743d372e312e340a62696e617572616c5f6c66655f706f6c6963793d6578636c7564650a62696e617572616c5f687274665f736f757263653d6275696c74696e3a53414449455f49495f44315f4b553130305f76322d320a62696e617572616c5f687274665f7368613235363d373864303438613638663834643334303531353738633236326534303165333562616130653731383930316638353334396166653032333266393835643464660a62696e617572616c5f6261636b656e643d6469726563740a66696e616c5f6c696e6b65645f6761696e3d64697361626c6564,577,binaural-d1,372e312e34,0,0.000000,0,0.000000,0,0.000000,0,0.000000,5712824439,22db6c7c0477467dfdfae47ef670533bedb0488b4f4087bc8a072d56b6032462,48971289,7792,39197538,1,7111117,46308655,8079317,5615366926,5654564464,5615366926,0.187079122,true,938,939,1441023,1791,2,8078425,5607288501,5612013372,0.187079122,5.345331907,5977919.511,1948.396010,5837289,7093091,8344906,10193076,5838010,7093091,8344906,10193076,30.016000,0,a44fc36470d07f98c68053c9015e3cb169a21af927b1b3b93bd5712a42234671,b9dff643bcbf782307c9b71c2d2fa3ad6d72f66a879da1663f419bbb01d1c599,6f70656e6a6f632d6566666563746976652d636f6e6669672d76310a72656e6465725f6d6f64653d62696e617572616c0a6c61796f75743d372e312e340a646f776e6d69783d6175746f0a6472633d6c696e650a6469616c6e6f726d3d64656661756c740a76616c69646174696f6e5f70726f66696c653d6175746f0a6f616d645f7472696d5f636f6e66696775726174696f6e5f636f756e743d390a62696e617572616c5f7669727475616c5f6c61796f75743d372e312e340a62696e617572616c5f6c66655f706f6c6963793d6578636c7564650a62696e617572616c5f687274665f736f757263653d6275696c74696e3a53414449455f49495f44315f4b553130305f76322d320a62696e617572616c5f687274665f7368613235363d373864303438613638663834643334303531353738633236326534303165333562616130653731383930316638353334396166653032333266393835643464660a62696e617572616c5f6261636b656e643d6469726563740a66696e616c5f6c696e6b65645f6761696e3d64697361626c6564,577,binaural-d1,372e312e34,0,0.000000,0,0.000000,0,0.000000,0,0.000000
d1-714-30,binaural-d1,7.1.4,a44fc36470d07f98c68053c9015e3cb169a21af927b1b3b93bd5712a42234671,2,candidate-baseline,true,7690338932,5119559528132d2087e0b95065278e4fce09bbdd3a4bced413cc09fe81c20642,63727290,12849,46202965,1,9385983,55588948,8999224,7571443046,7617646011,7571443046,0.252246903,true,938,939,1441023,1791,2,8998733,7562444313,7567878205,0.252246903,3.964369780,8062307.370,2627.106939,7611691,10401439,14351323,35262299,7617548,10401439,14351323,35262299,30.016000,0,a44fc36470d07f98c68053c9015e3cb169a21af927b1b3b93bd5712a42234671,b9dff643bcbf782307c9b71c2d2fa3ad6d72f66a879da1663f419bbb01d1c599,6f70656e6a6f632d6566666563746976652d636f6e6669672d76310a72656e6465725f6d6f64653d62696e617572616c0a6c61796f75743d372e312e340a646f776e6d69783d6175746f0a6472633d6c696e650a6469616c6e6f726d3d64656661756c740a76616c69646174696f6e5f70726f66696c653d6175746f0a6f616d645f7472696d5f636f6e66696775726174696f6e5f636f756e743d390a62696e617572616c5f7669727475616c5f6c61796f75743d372e312e340a62696e617572616c5f6c66655f706f6c6963793d6578636c7564650a62696e617572616c5f687274665f736f757263653d6275696c74696e3a53414449455f49495f44315f4b553130305f76322d320a62696e617572616c5f687274665f7368613235363d373864303438613638663834643334303531353738633236326534303165333562616130653731383930316638353334396166653032333266393835643464660a62696e617572616c5f6261636b656e643d6469726563740a66696e616c5f6c696e6b65645f6761696e3d64697361626c6564,577,binaural-d1,372e312e34,0,0.000000,0,0.000000,0,0.000000,0,0.000000,6039488688,22db6c7c0477467dfdfae47ef670533bedb0488b4f4087bc8a072d56b6032462,54213125,11447,49281965,1,9143917,58425882,6591234,5920679243,5969961208,5920679243,0.197250774,true,938,939,1441023,1791,2,6590593,5914088650,5919624954,0.197250774,5.069688589,6304998.561,2054.331972,5971716,8245389,10487257,17391620,5973688,8245389,10487257,17391620,30.016000,0,a44fc36470d07f98c68053c9015e3cb169a21af927b1b3b93bd5712a42234671,b9dff643bcbf782307c9b71c2d2fa3ad6d72f66a879da1663f419bbb01d1c599,6f70656e6a6f632d6566666563746976652d636f6e6669672d76310a72656e6465725f6d6f64653d62696e617572616c0a6c61796f75743d372e312e340a646f776e6d69783d6175746f0a6472633d6c696e650a6469616c6e6f726d3d64656661756c740a76616c69646174696f6e5f70726f66696c653d6175746f0a6f616d645f7472696d5f636f6e66696775726174696f6e5f636f756e743d390a62696e617572616c5f7669727475616c5f6c61796f75743d372e312e340a62696e617572616c5f6c66655f706f6c6963793d6578636c7564650a62696e617572616c5f687274665f736f757263653d6275696c74696e3a53414449455f49495f44315f4b553130305f76322d320a62696e617572616c5f687274665f7368613235363d373864303438613638663834643334303531353738633236326534303165333562616130653731383930316638353334396166653032333266393835643464660a62696e617572616c5f6261636b656e643d6469726563740a66696e616c5f6c696e6b65645f6761696e3d64697361626c6564,577,binaural-d1,372e312e34,0,0.000000,0,0.000000,0,0.000000,0,0.000000
d1-714-30,binaural-d1,7.1.4,a44fc36470d07f98c68053c9015e3cb169a21af927b1b3b93bd5712a42234671,3,baseline-candidate,true,7842313175,5119559528132d2087e0b95065278e4fce09bbdd3a4bced413cc09fe81c20642,70060858,16214,50461573,1,11936571,62398144,12228810,7711134745,7761596318,7711134745,0.256900811,true,938,939,1441023,1791,2,12228039,7698906706,7706402925,0.256900811,3.892552911,8207789.665,2675.576568,7817332,10625239,13913731,20324914,7817412,10625239,13913731,20324914,30.016000,0,a44fc36470d07f98c68053c9015e3cb169a21af927b1b3b93bd5712a42234671,b9dff643bcbf782307c9b71c2d2fa3ad6d72f66a879da1663f419bbb01d1c599,6f70656e6a6f632d6566666563746976652d636f6e6669672d76310a72656e6465725f6d6f64653d62696e617572616c0a6c61796f75743d372e312e340a646f776e6d69783d6175746f0a6472633d6c696e650a6469616c6e6f726d3d64656661756c740a76616c69646174696f6e5f70726f66696c653d6175746f0a6f616d645f7472696d5f636f6e66696775726174696f6e5f636f756e743d390a62696e617572616c5f7669727475616c5f6c61796f75743d372e312e340a62696e617572616c5f6c66655f706f6c6963793d6578636c7564650a62696e617572616c5f687274665f736f757263653d6275696c74696e3a53414449455f49495f44315f4b553130305f76322d320a62696e617572616c5f687274665f7368613235363d373864303438613638663834643334303531353738633236326534303165333562616130653731383930316638353334396166653032333266393835643464660a62696e617572616c5f6261636b656e643d6469726563740a66696e616c5f6c696e6b65645f6761696e3d64697361626c6564,577,binaural-d1,372e312e34,0,0.000000,0,0.000000,0,0.000000,0,0.000000,5948676081,22db6c7c0477467dfdfae47ef670533bedb0488b4f4087bc8a072d56b6032462,69811215,18847,51422894,1,11113716,62536610,8070233,5814950519,5866373413,5814950519,0.193728362,true,938,939,1441023,1791,2,8069652,5806880867,5815199623,0.193728362,5.161866795,6190704.549,2017.646671,5900351,7947252,9498937,14383931,5900632,7947252,9498937,14383931,30.016000,0,a44fc36470d07f98c68053c9015e3cb169a21af927b1b3b93bd5712a42234671,b9dff643bcbf782307c9b71c2d2fa3ad6d72f66a879da1663f419bbb01d1c599,6f70656e6a6f632d6566666563746976652d636f6e6669672d76310a72656e6465725f6d6f64653d62696e617572616c0a6c61796f75743d372e312e340a646f776e6d69783d6175746f0a6472633d6c696e650a6469616c6e6f726d3d64656661756c740a76616c69646174696f6e5f70726f66696c653d6175746f0a6f616d645f7472696d5f636f6e66696775726174696f6e5f636f756e743d390a62696e617572616c5f7669727475616c5f6c61796f75743d372e312e340a62696e617572616c5f6c66655f706f6c6963793d6578636c7564650a62696e617572616c5f687274665f736f757263653d6275696c74696e3a53414449455f49495f44315f4b553130305f76322d320a62696e617572616c5f687274665f7368613235363d373864303438613638663834643334303531353738633236326534303165333562616130653731383930316638353334396166653032333266393835643464660a62696e617572616c5f6261636b656e643d6469726563740a66696e616c5f6c696e6b65645f6761696e3d64697361626c6564,577,binaural-d1,372e312e34,0,0.000000,0,0.000000,0,0.000000,0,0.000000
d1-714-30,binaural-d1,7.1.4,a44fc36470d07f98c68053c9015e3cb169a21af927b1b3b93bd5712a42234671,4,candidate-baseline,true,7605460024,5119559528132d2087e0b95065278e4fce09bbdd3a4bced413cc09fe81c20642,71334564,10947,45990914,1,10072460,56063374,9578734,7478828707,7524819621,7478828707,0.249161404,true,938,939,1441023,1791,2,9578444,7469250263,7478147312,0.249161404,4.013462693,7962953.372,2594.972012,7631951,10098897,11548653,13463981,7632451,10098897,11548653,13463981,30.016000,0,a44fc36470d07f98c68053c9015e3cb169a21af927b1b3b93bd5712a42234671,b9dff643bcbf782307c9b71c2d2fa3ad6d72f66a879da1663f419bbb01d1c599,6f70656e6a6f632d6566666563746976652d636f6e6669672d76310a72656e6465725f6d6f64653d62696e617572616c0a6c61796f75743d372e312e340a646f776e6d69783d6175746f0a6472633d6c696e650a6469616c6e6f726d3d64656661756c740a76616c69646174696f6e5f70726f66696c653d6175746f0a6f616d645f7472696d5f636f6e66696775726174696f6e5f636f756e743d390a62696e617572616c5f7669727475616c5f6c61796f75743d372e312e340a62696e617572616c5f6c66655f706f6c6963793d6578636c7564650a62696e617572616c5f687274665f736f757263653d6275696c74696e3a53414449455f49495f44315f4b553130305f76322d320a62696e617572616c5f687274665f7368613235363d373864303438613638663834643334303531353738633236326534303165333562616130653731383930316638353334396166653032333266393835643464660a62696e617572616c5f6261636b656e643d6469726563740a66696e616c5f6c696e6b65645f6761696e3d64697361626c6564,577,binaural-d1,372e312e34,0,0.000000,0,0.000000,0,0.000000,0,0.000000,6236140447,22db6c7c0477467dfdfae47ef670533bedb0488b4f4087bc8a072d56b6032462,62453534,12168,49512368,1,8186704,57699072,7851082,6114682445,6164194813,6114682445,0.203714101,true,938,939,1441023,1791,2,7850480,6106831965,6114222483,0.203714101,4.908840364,6510481.839,2121.646374,6197517,8765062,10281004,16520463,6199069,8765062,10281004,16520463,30.016000,0,a44fc36470d07f98c68053c9015e3cb169a21af927b1b3b93bd5712a42234671,b9dff643bcbf782307c9b71c2d2fa3ad6d72f66a879da1663f419bbb01d1c599,6f70656e6a6f632d6566666563746976652d636f6e6669672d76310a72656e6465725f6d6f64653d62696e617572616c0a6c61796f75743d372e312e340a646f776e6d69783d6175746f0a6472633d6c696e650a6469616c6e6f726d3d64656661756c740a76616c69646174696f6e5f70726f66696c653d6175746f0a6f616d645f7472696d5f636f6e66696775726174696f6e5f636f756e743d390a62696e617572616c5f7669727475616c5f6c61796f75743d372e312e340a62696e617572616c5f6c66655f706f6c6963793d6578636c7564650a62696e617572616c5f687274665f736f757263653d6275696c74696e3a53414449455f49495f44315f4b553130305f76322d320a62696e617572616c5f687274665f7368613235363d373864303438613638663834643334303531353738633236326534303165333562616130653731383930316638353334396166653032333266393835643464660a62696e617572616c5f6261636b656e643d6469726563740a66696e616c5f6c696e6b65645f6761696e3d64697361626c6564,577,binaural-d1,372e312e34,0,0.000000,0,0.000000,0,0.000000,0,0.000000
d1-714-30,binaural-d1,7.1.4,a44fc36470d07f98c68053c9015e3cb169a21af927b1b3b93bd5712a42234671,5,baseline-candidate,true,7816245316,5119559528132d2087e0b95065278e4fce09bbdd3a4bced413cc09fe81c20642,73468824,10936,46625575,1,11110640,57736215,8219021,7685557292,7732182867,7685557292,0.256048684,true,938,939,1441023,1791,2,8218780,7677338512,7684917240,0.256048684,3.905507286,8184795.855,2666.701813,7922897,10143172,11333108,13625869,7923988,10143172,11333108,13625869,30.016000,0,a44fc36470d07f98c68053c9015e3cb169a21af927b1b3b93bd5712a42234671,b9dff643bcbf782307c9b71c2d2fa3ad6d72f66a879da1663f419bbb01d1c599,6f70656e6a6f632d6566666563746976652d636f6e6669672d76310a72656e6465725f6d6f64653d62696e617572616c0a6c61796f75743d372e312e340a646f776e6d69783d6175746f0a6472633d6c696e650a6469616c6e6f726d3d64656661756c740a76616c69646174696f6e5f70726f66696c653d6175746f0a6f616d645f7472696d5f636f6e66696775726174696f6e5f636f756e743d390a62696e617572616c5f7669727475616c5f6c61796f75743d372e312e340a62696e617572616c5f6c66655f706f6c6963793d6578636c7564650a62696e617572616c5f687274665f736f757263653d6275696c74696e3a53414449455f49495f44315f4b553130305f76322d320a62696e617572616c5f687274665f7368613235363d373864303438613638663834643334303531353738633236326534303165333562616130653731383930316638353334396166653032333266393835643464660a62696e617572616c5f6261636b656e643d6469726563740a66696e616c5f6c696e6b65645f6761696e3d64697361626c6564,577,binaural-d1,372e312e34,0,0.000000,0,0.000000,0,0.000000,0,0.000000,6318153684,22db6c7c0477467dfdfae47ef670533bedb0488b4f4087bc8a072d56b6032462,62380671,8152,42575453,1,7909786,50485239,7160509,6202035820,6244611273,6202035820,0.206624328,true,938,939,1441023,1791,2,7159687,6194876133,6201719415,0.206624328,4.839701168,6604345.558,2151.955874,6238647,8809315,10948323,22746395,6245106,8809315,10948323,22746395,30.016000,0,a44fc36470d07f98c68053c9015e3cb169a21af927b1b3b93bd5712a42234671,b9dff643bcbf782307c9b71c2d2fa3ad6d72f66a879da1663f419bbb01d1c599,6f70656e6a6f632d6566666563746976652d636f6e6669672d76310a72656e6465725f6d6f64653d62696e617572616c0a6c61796f75743d372e312e340a646f776e6d69783d6175746f0a6472633d6c696e650a6469616c6e6f726d3d64656661756c740a76616c69646174696f6e5f70726f66696c653d6175746f0a6f616d645f7472696d5f636f6e66696775726174696f6e5f636f756e743d390a62696e617572616c5f7669727475616c5f6c61796f75743d372e312e340a62696e617572616c5f6c66655f706f6c6963793d6578636c7564650a62696e617572616c5f687274665f736f757263653d6275696c74696e3a53414449455f49495f44315f4b553130305f76322d320a62696e617572616c5f687274665f7368613235363d373864303438613638663834643334303531353738633236326534303165333562616130653731383930316638353334396166653032333266393835643464660a62696e617572616c5f6261636b656e643d6469726563740a66696e616c5f6c696e6b65645f6761696e3d64697361626c6564,577,binaural-d1,372e312e34,0,0.000000,0,0.000000,0,0.000000,0,0.000000
d1-714-60,binaural-d1,7.1.4,8202e69a5cd13c9142165315f7640d2d7c3cf554b6de0bba8b2c5c40cc499cf2,1,baseline-candidate,true,16335060330,5119559528132d2087e0b95065278e4fce09bbdd3a4bced413cc09fe81c20642,67764780,8212,95874829,1,10406838,106281667,8499912,16154183043,16250057872,16154183043,0.269236384,true,1875,1876,2880255,1791,2,8499581,16145683462,16152927597,0.269236384,3.714208254,8611031.180,2804.297370,8013790,12171186,14802442,38615319,8013790,12171186,14802442,38615319,60.000000,0,8202e69a5cd13c9142165315f7640d2d7c3cf554b6de0bba8b2c5c40cc499cf2,b9dff643bcbf782307c9b71c2d2fa3ad6d72f66a879da1663f419bbb01d1c599,6f70656e6a6f632d6566666563746976652d636f6e6669672d76310a72656e6465725f6d6f64653d62696e617572616c0a6c61796f75743d372e312e340a646f776e6d69783d6175746f0a6472633d6c696e650a6469616c6e6f726d3d64656661756c740a76616c69646174696f6e5f70726f66696c653d6175746f0a6f616d645f7472696d5f636f6e66696775726174696f6e5f636f756e743d390a62696e617572616c5f7669727475616c5f6c61796f75743d372e312e340a62696e617572616c5f6c66655f706f6c6963793d6578636c7564650a62696e617572616c5f687274665f736f757263653d6275696c74696e3a53414449455f49495f44315f4b553130305f76322d320a62696e617572616c5f687274665f7368613235363d373864303438613638663834643334303531353738633236326534303165333562616130653731383930316638353334396166653032333266393835643464660a62696e617572616c5f6261636b656e643d6469726563740a66696e616c5f6c696e6b65645f6761696e3d64697361626c6564,577,binaural-d1,372e312e34,0,0.000000,0,0.000000,0,0.000000,0,0.000000,11833952631,22db6c7c0477467dfdfae47ef670533bedb0488b4f4087bc8a072d56b6032462,52565473,11417,45247453,1,8665205,53912658,6549873,11721295119,11766542572,11721295119,0.195354919,true,1875,1876,2880255,1791,2,6549562,11714745557,11707443296,0.195354919,5.118888262,6247864.297,2034.766908,5892047,8724041,11016083,12993209,5892047,8724041,11016083,12993209,60.000000,0,8202e69a5cd13c9142165315f7640d2d7c3cf554b6de0bba8b2c5c40cc499cf2,b9dff643bcbf782307c9b71c2d2fa3ad6d72f66a879da1663f419bbb01d1c599,6f70656e6a6f632d6566666563746976652d636f6e6669672d76310a72656e6465725f6d6f64653d62696e617572616c0a6c61796f75743d372e312e340a646f776e6d69783d6175746f0a6472633d6c696e650a6469616c6e6f726d3d64656661756c740a76616c69646174696f6e5f70726f66696c653d6175746f0a6f616d645f7472696d5f636f6e66696775726174696f6e5f636f756e743d390a62696e617572616c5f7669727475616c5f6c61796f75743d372e312e340a62696e617572616c5f6c66655f706f6c6963793d6578636c7564650a62696e617572616c5f687274665f736f757263653d6275696c74696e3a53414449455f49495f44315f4b553130305f76322d320a62696e617572616c5f687274665f7368613235363d373864303438613638663834643334303531353738633236326534303165333562616130653731383930316638353334396166653032333266393835643464660a62696e617572616c5f6261636b656e643d6469726563740a66696e616c5f6c696e6b65645f6761696e3d64697361626c6564,577,binaural-d1,372e312e34,0,0.000000,0,0.000000,0,0.000000,0,0.000000
d1-714-60,binaural-d1,7.1.4,8202e69a5cd13c9142165315f7640d2d7c3cf554b6de0bba8b2c5c40cc499cf2,2,candidate-baseline,true,14711895517,5119559528132d2087e0b95065278e4fce09bbdd3a4bced413cc09fe81c20642,59433467,6570,42605705,1,8739163,51344868,8639107,14595679068,14638284773,14595679068,0.243261318,true,1875,1876,2880255,1791,2,8638805,14587040263,14594767899,0.243261318,4.110805651,7779754.807,2533.747718,7324278,10528601,13111034,18358474,7324278,10528601,13111034,18358474,60.000000,0,8202e69a5cd13c9142165315f7640d2d7c3cf554b6de0bba8b2c5c40cc499cf2,b9dff643bcbf782307c9b71c2d2fa3ad6d72f66a879da1663f419bbb01d1c599,6f70656e6a6f632d6566666563746976652d636f6e6669672d76310a72656e6465725f6d6f64653d62696e617572616c0a6c61796f75743d372e312e340a646f776e6d69783d6175746f0a6472633d6c696e650a6469616c6e6f726d3d64656661756c740a76616c69646174696f6e5f70726f66696c653d6175746f0a6f616d645f7472696d5f636f6e66696775726174696f6e5f636f756e743d390a62696e617572616c5f7669727475616c5f6c61796f75743d372e312e340a62696e617572616c5f6c66655f706f6c6963793d6578636c7564650a62696e617572616c5f687274665f736f757263653d6275696c74696e3a53414449455f49495f44315f4b553130305f76322d320a62696e617572616c5f687274665f7368613235363d373864303438613638663834643334303531353738633236326534303165333562616130653731383930316638353334396166653032333266393835643464660a62696e617572616c5f6261636b656e643d6469726563740a66696e616c5f6c696e6b65645f6761696e3d64697361626c6564,577,binaural-d1,372e312e34,0,0.000000,0,0.000000,0,0.000000,0,0.000000,11543408542,22db6c7c0477467dfdfae47ef670533bedb0488b4f4087bc8a072d56b6032462,53429523,8072,44503526,1,8960317,53463843,6732583,11431301503,11475805029,11431301503,0.190521692,true,1875,1876,2880255,1791,2,6731842,11424569661,11430697012,0.190521692,5.248746172,6093103.819,1984.425251,5778241,7968363,10423144,19893566,5778241,7968363,10423144,19893566,60.000000,0,8202e69a5cd13c9142165315f7640d2d7c3cf554b6de0bba8b2c5c40cc499cf2,b9dff643bcbf782307c9b71c2d2fa3ad6d72f66a879da1663f419bbb01d1c599,6f70656e6a6f632d6566666563746976652d636f6e6669672d76310a72656e6465725f6d6f64653d62696e617572616c0a6c61796f75743d372e312e340a646f776e6d69783d6175746f0a6472633d6c696e650a6469616c6e6f726d3d64656661756c740a76616c69646174696f6e5f70726f66696c653d6175746f0a6f616d645f7472696d5f636f6e66696775726174696f6e5f636f756e743d390a62696e617572616c5f7669727475616c5f6c61796f75743d372e312e340a62696e617572616c5f6c66655f706f6c6963793d6578636c7564650a62696e617572616c5f687274665f736f757263653d6275696c74696e3a53414449455f49495f44315f4b553130305f76322d320a62696e617572616c5f687274665f7368613235363d373864303438613638663834643334303531353738633236326534303165333562616130653731383930316638353334396166653032333266393835643464660a62696e617572616c5f6261636b656e643d6469726563740a66696e616c5f6c696e6b65645f6761696e3d64697361626c6564,577,binaural-d1,372e312e34,0,0.000000,0,0.000000,0,0.000000,0,0.000000
d1-714-60,binaural-d1,7.1.4,8202e69a5cd13c9142165315f7640d2d7c3cf554b6de0bba8b2c5c40cc499cf2,3,baseline-candidate,true,15882531034,5119559528132d2087e0b95065278e4fce09bbdd3a4bced413cc09fe81c20642,66731042,14391,45947088,1,8914701,54861789,8794755,15749277075,15795224163,15749277075,0.262487951,true,1875,1876,2880255,1791,2,8794415,15740482660,15750205194,0.262487951,3.809698675,8394924.085,2734.007419,7770539,11702403,14901439,28329988,7770539,11702403,14901439,28329988,60.000000,0,8202e69a5cd13c9142165315f7640d2d7c3cf554b6de0bba8b2c5c40cc499cf2,b9dff643bcbf782307c9b71c2d2fa3ad6d72f66a879da1663f419bbb01d1c599,6f70656e6a6f632d6566666563746976652d636f6e6669672d76310a72656e6465725f6d6f64653d62696e617572616c0a6c61796f75743d372e312e340a646f776e6d69783d6175746f0a6472633d6c696e650a6469616c6e6f726d3d64656661756c740a76616c69646174696f6e5f70726f66696c653d6175746f0a6f616d645f7472696d5f636f6e66696775726174696f6e5f636f756e743d390a62696e617572616c5f7669727475616c5f6c61796f75743d372e312e340a62696e617572616c5f6c66655f706f6c6963793d6578636c7564650a62696e617572616c5f687274665f736f757263653d6275696c74696e3a53414449455f49495f44315f4b553130305f76322d320a62696e617572616c5f687274665f7368613235363d373864303438613638663834643334303531353738633236326534303165333562616130653731383930316638353334396166653032333266393835643464660a62696e617572616c5f6261636b656e643d6469726563740a66696e616c5f6c696e6b65645f6761696e3d64697361626c6564,577,binaural-d1,372e312e34,0,0.000000,0,0.000000,0,0.000000,0,0.000000,12652297881,22db6c7c0477467dfdfae47ef670533bedb0488b4f4087bc8a072d56b6032462,68286128,13620,52621000,1,10200596,62821596,7089021,12514957859,12567578859,12514957859,0.208582631,true,1875,1876,2880255,1791,2,6942476,12508015383,12513740489,0.208582631,4.794263047,6670941.538,2172.543379,6159250,9182093,12447441,42472666,6159250,9182093,12447441,42472666,60.000000,0,8202e69a5cd13c9142165315f7640d2d7c3cf554b6de0bba8b2c5c40cc499cf2,b9dff643bcbf782307c9b71c2d2fa3ad6d72f66a879da1663f419bbb01d1c599,6f70656e6a6f632d6566666563746976652d636f6e6669672d76310a72656e6465725f6d6f64653d62696e617572616c0a6c61796f75743d372e312e340a646f776e6d69783d6175746f0a6472633d6c696e650a6469616c6e6f726d3d64656661756c740a76616c69646174696f6e5f70726f66696c653d6175746f0a6f616d645f7472696d5f636f6e66696775726174696f6e5f636f756e743d390a62696e617572616c5f7669727475616c5f6c61796f75743d372e312e340a62696e617572616c5f6c66655f706f6c6963793d6578636c7564650a62696e617572616c5f687274665f736f757263653d6275696c74696e3a53414449455f49495f44315f4b553130305f76322d320a62696e617572616c5f687274665f7368613235363d373864303438613638663834643334303531353738633236326534303165333562616130653731383930316638353334396166653032333266393835643464660a62696e617572616c5f6261636b656e643d6469726563740a66696e616c5f6c696e6b65645f6761696e3d64697361626c6564,577,binaural-d1,372e312e34,0,0.000000,0,0.000000,0,0.000000,0,0.000000
d1-714-60,binaural-d1,7.1.4,8202e69a5cd13c9142165315f7640d2d7c3cf554b6de0bba8b2c5c40cc499cf2,4,candidate-baseline,true,14244847301,5119559528132d2087e0b95065278e4fce09bbdd3a4bced413cc09fe81c20642,64561908,53849,48664352,1,11149825,59814177,10881487,14116906899,14165571251,14116906899,0.235281782,true,1875,1876,2880255,1791,2,10880866,14106026033,14116432699,0.235281782,4.250222831,7523213.884,2450.634909,7289570,9031551,11328319,16458159,7289570,9031551,11328319,16458159,60.000000,0,8202e69a5cd13c9142165315f7640d2d7c3cf554b6de0bba8b2c5c40cc499cf2,b9dff643bcbf782307c9b71c2d2fa3ad6d72f66a879da1663f419bbb01d1c599,6f70656e6a6f632d6566666563746976652d636f6e6669672d76310a72656e6465725f6d6f64653d62696e617572616c0a6c61796f75743d372e312e340a646f776e6d69783d6175746f0a6472633d6c696e650a6469616c6e6f726d3d64656661756c740a76616c69646174696f6e5f70726f66696c653d6175746f0a6f616d645f7472696d5f636f6e66696775726174696f6e5f636f756e743d390a62696e617572616c5f7669727475616c5f6c61796f75743d372e312e340a62696e617572616c5f6c66655f706f6c6963793d6578636c7564650a62696e617572616c5f687274665f736f757263653d6275696c74696e3a53414449455f49495f44315f4b553130305f76322d320a62696e617572616c5f687274665f7368613235363d373864303438613638663834643334303531353738633236326534303165333562616130653731383930316638353334396166653032333266393835643464660a62696e617572616c5f6261636b656e643d6469726563740a66696e616c5f6c696e6b65645f6761696e3d64697361626c6564,577,binaural-d1,372e312e34,0,0.000000,0,0.000000,0,0.000000,0,0.000000,11843565790,22db6c7c0477467dfdfae47ef670533bedb0488b4f4087bc8a072d56b6032462,55991870,6209,46098379,1,8505716,54604095,7059319,11722292182,11768390561,11722292182,0.195371536,true,1875,1876,2880255,1791,2,7058838,11715233344,11721456459,0.195371536,5.118452865,6248124.450,2034.939994,5922842,8024591,12717615,18474349,5922842,8024591,12717615,18474349,60.000000,0,8202e69a5cd13c9142165315f7640d2d7c3cf554b6de0bba8b2c5c40cc499cf2,b9dff643bcbf782307c9b71c2d2fa3ad6d72f66a879da1663f419bbb01d1c599,6f70656e6a6f632d6566666563746976652d636f6e6669672d76310a72656e6465725f6d6f64653d62696e617572616c0a6c61796f75743d372e312e340a646f776e6d69783d6175746f0a6472633d6c696e650a6469616c6e6f726d3d64656661756c740a76616c69646174696f6e5f70726f66696c653d6175746f0a6f616d645f7472696d5f636f6e66696775726174696f6e5f636f756e743d390a62696e617572616c5f7669727475616c5f6c61796f75743d372e312e340a62696e617572616c5f6c66655f706f6c6963793d6578636c7564650a62696e617572616c5f687274665f736f757263653d6275696c74696e3a53414449455f49495f44315f4b553130305f76322d320a62696e617572616c5f687274665f7368613235363d373864303438613638663834643334303531353738633236326534303165333562616130653731383930316638353334396166653032333266393835643464660a62696e617572616c5f6261636b656e643d6469726563740a66696e616c5f6c696e6b65645f6761696e3d64697361626c6564,577,binaural-d1,372e312e34,0,0.000000,0,0.000000,0,0.000000,0,0.000000
d1-714-60,binaural-d1,7.1.4,8202e69a5cd13c9142165315f7640d2d7c3cf554b6de0bba8b2c5c40cc499cf2,5,baseline-candidate,true,14570388597,5119559528132d2087e0b95065278e4fce09bbdd3a4bced413cc09fe81c20642,71403000,11937,45953385,1,10633263,56586648,8674469,14434748818,14480702203,14434748818,0.240579147,true,1875,1876,2880255,1791,2,8674149,14426074669,14431047408,0.240579147,4.156636236,7693906.490,2505.810912,7403045,9701725,12279734,18912119,7403045,9701725,12279734,18912119,60.000000,0,8202e69a5cd13c9142165315f7640d2d7c3cf554b6de0bba8b2c5c40cc499cf2,b9dff643bcbf782307c9b71c2d2fa3ad6d72f66a879da1663f419bbb01d1c599,6f70656e6a6f632d6566666563746976652d636f6e6669672d76310a72656e6465725f6d6f64653d62696e617572616c0a6c61796f75743d372e312e340a646f776e6d69783d6175746f0a6472633d6c696e650a6469616c6e6f726d3d64656661756c740a76616c69646174696f6e5f70726f66696c653d6175746f0a6f616d645f7472696d5f636f6e66696775726174696f6e5f636f756e743d390a62696e617572616c5f7669727475616c5f6c61796f75743d372e312e340a62696e617572616c5f6c66655f706f6c6963793d6578636c7564650a62696e617572616c5f687274665f736f757263653d6275696c74696e3a53414449455f49495f44315f4b553130305f76322d320a62696e617572616c5f687274665f7368613235363d373864303438613638663834643334303531353738633236326534303165333562616130653731383930316638353334396166653032333266393835643464660a62696e617572616c5f6261636b656e643d6469726563740a66696e616c5f6c696e6b65645f6761696e3d64697361626c6564,577,binaural-d1,372e312e34,0,0.000000,0,0.000000,0,0.000000,0,0.000000,11405063839,22db6c7c0477467dfdfae47ef670533bedb0488b4f4087bc8a072d56b6032462,48524257,8793,39173256,1,7038930,46212186,6653876,11303616439,11342789695,11303616439,0.188393607,true,1875,1876,2880255,1791,2,6653305,11296963134,11302913738,0.188393607,5.308035736,6025047.005,1962.259668,5835366,7469262,9544483,12387352,5835366,7469262,9544483,12387352,60.000000,0,8202e69a5cd13c9142165315f7640d2d7c3cf554b6de0bba8b2c5c40cc499cf2,b9dff643bcbf782307c9b71c2d2fa3ad6d72f66a879da1663f419bbb01d1c599,6f70656e6a6f632d6566666563746976652d636f6e6669672d76310a72656e6465725f6d6f64653d62696e617572616c0a6c61796f75743d372e312e340a646f776e6d69783d6175746f0a6472633d6c696e650a6469616c6e6f726d3d64656661756c740a76616c69646174696f6e5f70726f66696c653d6175746f0a6f616d645f7472696d5f636f6e66696775726174696f6e5f636f756e743d390a62696e617572616c5f7669727475616c5f6c61796f75743d372e312e340a62696e617572616c5f6c66655f706f6c6963793d6578636c7564650a62696e617572616c5f687274665f736f757263653d6275696c74696e3a53414449455f49495f44315f4b553130305f76322d320a62696e617572616c5f687274665f7368613235363d373864303438613638663834643334303531353738633236326534303165333562616130653731383930316638353334396166653032333266393835643464660a62696e617572616c5f6261636b656e643d6469726563740a66696e616c5f6c696e6b65645f6761696e3d64697361626c6564,577,binaural-d1,372e312e34,0,0.000000,0,0.000000,0,0.000000,0,0.000000
d2-714-30,binaural-d2,7.1.4,a44fc36470d07f98c68053c9015e3cb169a21af927b1b3b93bd5712a42234671,1,baseline-candidate,true,7836991218,5119559528132d2087e0b95065278e4fce09bbdd3a4bced413cc09fe81c20642,61311092,6640,41605520,1,8332117,49937637,8894161,7724659312,7766264832,7724659312,0.257351390,true,938,939,1441023,1791,2,8893389,7715765923,7723803879,0.257351390,3.885737712,8225763.244,2680.269264,7706669,10932359,17421574,26162148,7706970,10932359,17421574,26162148,30.016000,0,a44fc36470d07f98c68053c9015e3cb169a21af927b1b3b93bd5712a42234671,af11fb8baac57ec9a52872daa2f5c773988bde812a96af25e0c1dba36119e06d,6f70656e6a6f632d6566666563746976652d636f6e6669672d76310a72656e6465725f6d6f64653d62696e617572616c0a6c61796f75743d372e312e340a646f776e6d69783d6175746f0a6472633d6c696e650a6469616c6e6f726d3d64656661756c740a76616c69646174696f6e5f70726f66696c653d6175746f0a6f616d645f7472696d5f636f6e66696775726174696f6e5f636f756e743d390a62696e617572616c5f7669727475616c5f6c61796f75743d372e312e340a62696e617572616c5f6c66655f706f6c6963793d6578636c7564650a62696e617572616c5f687274665f736f757263653d6275696c74696e3a73616469652d69692d64322d6b656d61720a62696e617572616c5f687274665f7368613235363d623266343263613263653965663264666137653365666632363335343363346633303664306163393562643638346366356361333434633838643662643436310a62696e617572616c5f6261636b656e643d6469726563740a66696e616c5f6c696e6b65645f6761696e3d64697361626c6564,577,binaural-d2,372e312e34,0,0.000000,0,0.000000,0,0.000000,0,0.000000,6056150801,22db6c7c0477467dfdfae47ef670533bedb0488b4f4087bc8a072d56b6032462,54262388,20831,40886587,1,11108557,51995144,6871285,5950007440,5990894027,5950007440,0.198227860,true,938,939,1441023,1791,2,6870655,5943136785,5944716427,0.198227860,5.044699574,6335966.722,2064.508145,6051883,8139454,11233571,31218472,6053005,8139454,11233571,31218472,30.016000,0,a44fc36470d07f98c68053c9015e3cb169a21af927b1b3b93bd5712a42234671,af11fb8baac57ec9a52872daa2f5c773988bde812a96af25e0c1dba36119e06d,6f70656e6a6f632d6566666563746976652d636f6e6669672d76310a72656e6465725f6d6f64653d62696e617572616c0a6c61796f75743d372e312e340a646f776e6d69783d6175746f0a6472633d6c696e650a6469616c6e6f726d3d64656661756c740a76616c69646174696f6e5f70726f66696c653d6175746f0a6f616d645f7472696d5f636f6e66696775726174696f6e5f636f756e743d390a62696e617572616c5f7669727475616c5f6c61796f75743d372e312e340a62696e617572616c5f6c66655f706f6c6963793d6578636c7564650a62696e617572616c5f687274665f736f757263653d6275696c74696e3a73616469652d69692d64322d6b656d61720a62696e617572616c5f687274665f7368613235363d623266343263613263653965663264666137653365666632363335343363346633303664306163393562643638346366356361333434633838643662643436310a62696e617572616c5f6261636b656e643d6469726563740a66696e616c5f6c696e6b65645f6761696e3d64697361626c6564,577,binaural-d2,372e312e34,0,0.000000,0,0.000000,0,0.000000,0,0.000000
d2-714-30,binaural-d2,7.1.4,a44fc36470d07f98c68053c9015e3cb169a21af927b1b3b93bd5712a42234671,2,candidate-baseline,true,7040593869,5119559528132d2087e0b95065278e4fce09bbdd3a4bced413cc09fe81c20642,60574155,8873,46272627,1,8453144,54725771,8759353,6923889912,6970162539,6923889912,0.230673305,true,938,939,1441023,1791,2,8759013,6915130899,6923211780,0.230673305,4.335135362,7372207.781,2402.421721,7240276,8522466,9765398,12132339,7241457,8522466,9765398,12132339,30.016000,0,a44fc36470d07f98c68053c9015e3cb169a21af927b1b3b93bd5712a42234671,af11fb8baac57ec9a52872daa2f5c773988bde812a96af25e0c1dba36119e06d,6f70656e6a6f632d6566666563746976652d636f6e6669672d76310a72656e6465725f6d6f64653d62696e617572616c0a6c61796f75743d372e312e340a646f776e6d69783d6175746f0a6472633d6c696e650a6469616c6e6f726d3d64656661756c740a76616c69646174696f6e5f70726f66696c653d6175746f0a6f616d645f7472696d5f636f6e66696775726174696f6e5f636f756e743d390a62696e617572616c5f7669727475616c5f6c61796f75743d372e312e340a62696e617572616c5f6c66655f706f6c6963793d6578636c7564650a62696e617572616c5f687274665f736f757263653d6275696c74696e3a73616469652d69692d64322d6b656d61720a62696e617572616c5f687274665f7368613235363d623266343263613263653965663264666137653365666632363335343363346633303664306163393562643638346366356361333434633838643662643436310a62696e617572616c5f6261636b656e643d6469726563740a66696e616c5f6c696e6b65645f6761696e3d64697361626c6564,577,binaural-d2,372e312e34,0,0.000000,0,0.000000,0,0.000000,0,0.000000,5830105546,22db6c7c0477467dfdfae47ef670533bedb0488b4f4087bc8a072d56b6032462,50970794,7842,41647084,1,8038947,49686031,6932304,5725013496,5766660580,5725013496,0.190732059,true,938,939,1441023,1791,2,6931713,5718081783,5724789363,0.190732059,5.242957073,6096036.016,1986.440708,5903896,7543200,8790208,12868048,5904938,7543200,8790208,12868048,30.016000,0,a44fc36470d07f98c68053c9015e3cb169a21af927b1b3b93bd5712a42234671,af11fb8baac57ec9a52872daa2f5c773988bde812a96af25e0c1dba36119e06d,6f70656e6a6f632d6566666563746976652d636f6e6669672d76310a72656e6465725f6d6f64653d62696e617572616c0a6c61796f75743d372e312e340a646f776e6d69783d6175746f0a6472633d6c696e650a6469616c6e6f726d3d64656661756c740a76616c69646174696f6e5f70726f66696c653d6175746f0a6f616d645f7472696d5f636f6e66696775726174696f6e5f636f756e743d390a62696e617572616c5f7669727475616c5f6c61796f75743d372e312e340a62696e617572616c5f6c66655f706f6c6963793d6578636c7564650a62696e617572616c5f687274665f736f757263653d6275696c74696e3a73616469652d69692d64322d6b656d61720a62696e617572616c5f687274665f7368613235363d623266343263613263653965663264666137653365666632363335343363346633303664306163393562643638346366356361333434633838643662643436310a62696e617572616c5f6261636b656e643d6469726563740a66696e616c5f6c696e6b65645f6761696e3d64697361626c6564,577,binaural-d2,372e312e34,0,0.000000,0,0.000000,0,0.000000,0,0.000000
d2-714-30,binaural-d2,7.1.4,a44fc36470d07f98c68053c9015e3cb169a21af927b1b3b93bd5712a42234671,3,baseline-candidate,true,6985708043,5119559528132d2087e0b95065278e4fce09bbdd3a4bced413cc09fe81c20642,67979652,14161,40119193,1,8916895,49036088,8704262,6865552895,6905672088,6865552895,0.228729774,true,938,939,1441023,1791,2,8703941,6856848954,6864611879,0.228729774,4.371971269,7310073.512,2382.180192,7208028,8270947,9096478,11115157,7212265,8270947,9096478,11115157,30.016000,0,a44fc36470d07f98c68053c9015e3cb169a21af927b1b3b93bd5712a42234671,af11fb8baac57ec9a52872daa2f5c773988bde812a96af25e0c1dba36119e06d,6f70656e6a6f632d6566666563746976652d636f6e6669672d76310a72656e6465725f6d6f64653d62696e617572616c0a6c61796f75743d372e312e340a646f776e6d69783d6175746f0a6472633d6c696e650a6469616c6e6f726d3d64656661756c740a76616c69646174696f6e5f70726f66696c653d6175746f0a6f616d645f7472696d5f636f6e66696775726174696f6e5f636f756e743d390a62696e617572616c5f7669727475616c5f6c61796f75743d372e312e340a62696e617572616c5f6c66655f706f6c6963793d6578636c7564650a62696e617572616c5f687274665f736f757263653d6275696c74696e3a73616469652d69692d64322d6b656d61720a62696e617572616c5f687274665f7368613235363d623266343263613263653965663264666137653365666632363335343363346633303664306163393562643638346366356361333434633838643662643436310a62696e617572616c5f6261636b656e643d6469726563740a66696e616c5f6c696e6b65645f6761696e3d64697361626c6564,577,binaural-d2,372e312e34,0,0.000000,0,0.000000,0,0.000000,0,0.000000,5869137231,22db6c7c0477467dfdfae47ef670533bedb0488b4f4087bc8a072d56b6032462,50480155,8022,40771220,1,8023715,48794935,6499069,5768916235,5809687455,5768916235,0.192194704,true,938,939,1441023,1791,2,6498618,5762417617,5764798820,0.192194704,5.203057000,6143302.364,2001.673892,5948291,7495550,9581028,16108519,5949734,7495550,9581028,16108519,30.016000,0,a44fc36470d07f98c68053c9015e3cb169a21af927b1b3b93bd5712a42234671,af11fb8baac57ec9a52872daa2f5c773988bde812a96af25e0c1dba36119e06d,6f70656e6a6f632d6566666563746976652d636f6e6669672d76310a72656e6465725f6d6f64653d62696e617572616c0a6c61796f75743d372e312e340a646f776e6d69783d6175746f0a6472633d6c696e650a6469616c6e6f726d3d64656661756c740a76616c69646174696f6e5f70726f66696c653d6175746f0a6f616d645f7472696d5f636f6e66696775726174696f6e5f636f756e743d390a62696e617572616c5f7669727475616c5f6c61796f75743d372e312e340a62696e617572616c5f6c66655f706f6c6963793d6578636c7564650a62696e617572616c5f687274665f736f757263653d6275696c74696e3a73616469652d69692d64322d6b656d61720a62696e617572616c5f687274665f7368613235363d623266343263613263653965663264666137653365666632363335343363346633303664306163393562643638346366356361333434633838643662643436310a62696e617572616c5f6261636b656e643d6469726563740a66696e616c5f6c696e6b65645f6761696e3d64697361626c6564,577,binaural-d2,372e312e34,0,0.000000,0,0.000000,0,0.000000,0,0.000000
d2-714-30,binaural-d2,7.1.4,a44fc36470d07f98c68053c9015e3cb169a21af927b1b3b93bd5712a42234671,4,candidate-baseline,true,7327077554,5119559528132d2087e0b95065278e4fce09bbdd3a4bced413cc09fe81c20642,64335110,11777,41714564,1,9414894,51129458,8526182,7211589057,7253303621,7211589057,0.240258164,true,938,939,1441023,1791,2,8525571,7203063486,7210810861,0.240258164,4.162189465,7679172.160,2502.246341,7341595,9306065,11342820,34725738,7342256,9306065,11342820,34725738,30.016000,0,a44fc36470d07f98c68053c9015e3cb169a21af927b1b3b93bd5712a42234671,af11fb8baac57ec9a52872daa2f5c773988bde812a96af25e0c1dba36119e06d,6f70656e6a6f632d6566666563746976652d636f6e6669672d76310a72656e6465725f6d6f64653d62696e617572616c0a6c61796f75743d372e312e340a646f776e6d69783d6175746f0a6472633d6c696e650a6469616c6e6f726d3d64656661756c740a76616c69646174696f6e5f70726f66696c653d6175746f0a6f616d645f7472696d5f636f6e66696775726174696f6e5f636f756e743d390a62696e617572616c5f7669727475616c5f6c61796f75743d372e312e340a62696e617572616c5f6c66655f706f6c6963793d6578636c7564650a62696e617572616c5f687274665f736f757263653d6275696c74696e3a73616469652d69692d64322d6b656d61720a62696e617572616c5f687274665f7368613235363d623266343263613263653965663264666137653365666632363335343363346633303664306163393562643638346366356361333434633838643662643436310a62696e617572616c5f6261636b656e643d6469726563740a66696e616c5f6c696e6b65645f6761696e3d64697361626c6564,577,binaural-d2,372e312e34,0,0.000000,0,0.000000,0,0.000000,0,0.000000,5827252575,22db6c7c0477467dfdfae47ef670533bedb0488b4f4087bc8a072d56b6032462,50771181,8011,46750786,1,7217483,53968269,7124446,5720259124,5767009910,5720259124,0.190573665,true,938,939,1441023,1791,2,7123415,5713135709,5719602256,0.190573665,5.247314737,6090763.016,1984.791056,5836238,7555138,9611372,15710084,5837890,7555138,9611372,15710084,30.016000,0,a44fc36470d07f98c68053c9015e3cb169a21af927b1b3b93bd5712a42234671,af11fb8baac57ec9a52872daa2f5c773988bde812a96af25e0c1dba36119e06d,6f70656e6a6f632d6566666563746976652d636f6e6669672d76310a72656e6465725f6d6f64653d62696e617572616c0a6c61796f75743d372e312e340a646f776e6d69783d6175746f0a6472633d6c696e650a6469616c6e6f726d3d64656661756c740a76616c69646174696f6e5f70726f66696c653d6175746f0a6f616d645f7472696d5f636f6e66696775726174696f6e5f636f756e743d390a62696e617572616c5f7669727475616c5f6c61796f75743d372e312e340a62696e617572616c5f6c66655f706f6c6963793d6578636c7564650a62696e617572616c5f687274665f736f757263653d6275696c74696e3a73616469652d69692d64322d6b656d61720a62696e617572616c5f687274665f7368613235363d623266343263613263653965663264666137653365666632363335343363346633303664306163393562643638346366356361333434633838643662643436310a62696e617572616c5f6261636b656e643d6469726563740a66696e616c5f6c696e6b65645f6761696e3d64697361626c6564,577,binaural-d2,372e312e34,0,0.000000,0,0.000000,0,0.000000,0,0.000000
d2-714-30,binaural-d2,7.1.4,a44fc36470d07f98c68053c9015e3cb169a21af927b1b3b93bd5712a42234671,5,baseline-candidate,true,7375210257,5119559528132d2087e0b95065278e4fce09bbdd3a4bced413cc09fe81c20642,62470320,9174,40059590,1,8571829,48631419,9965001,7263253292,7303312882,7263253292,0.241979387,true,938,939,1441023,1791,2,9964120,7253289172,7262929407,0.241979387,4.132583402,7732717.667,2520.172576,7415753,9897663,12294657,21211520,7417636,9897663,12294657,21211520,30.016000,0,a44fc36470d07f98c68053c9015e3cb169a21af927b1b3b93bd5712a42234671,af11fb8baac57ec9a52872daa2f5c773988bde812a96af25e0c1dba36119e06d,6f70656e6a6f632d6566666563746976652d636f6e6669672d76310a72656e6465725f6d6f64653d62696e617572616c0a6c61796f75743d372e312e340a646f776e6d69783d6175746f0a6472633d6c696e650a6469616c6e6f726d3d64656661756c740a76616c69646174696f6e5f70726f66696c653d6175746f0a6f616d645f7472696d5f636f6e66696775726174696f6e5f636f756e743d390a62696e617572616c5f7669727475616c5f6c61796f75743d372e312e340a62696e617572616c5f6c66655f706f6c6963793d6578636c7564650a62696e617572616c5f687274665f736f757263653d6275696c74696e3a73616469652d69692d64322d6b656d61720a62696e617572616c5f687274665f7368613235363d623266343263613263653965663264666137653365666632363335343363346633303664306163393562643638346366356361333434633838643662643436310a62696e617572616c5f6261636b656e643d6469726563740a66696e616c5f6c696e6b65645f6761696e3d64697361626c6564,577,binaural-d2,372e312e34,0,0.000000,0,0.000000,0,0.000000,0,0.000000,5643631649,22db6c7c0477467dfdfae47ef670533bedb0488b4f4087bc8a072d56b6032462,55741312,18306,45059730,1,7958378,53018108,6530525,5533307042,5578366772,5533307042,0.184345251,true,938,939,1441023,1791,2,6530184,5526776858,5533017812,0.184345251,5.424604088,5892086.203,1919.923222,5765083,6807321,8484721,17148610,5765914,6807321,8484721,17148610,30.016000,0,a44fc36470d07f98c68053c9015e3cb169a21af927b1b3b93bd5712a42234671,af11fb8baac57ec9a52872daa2f5c773988bde812a96af25e0c1dba36119e06d,6f70656e6a6f632d6566666563746976652d636f6e6669672d76310a72656e6465725f6d6f64653d62696e617572616c0a6c61796f75743d372e312e340a646f776e6d69783d6175746f0a6472633d6c696e650a6469616c6e6f726d3d64656661756c740a76616c69646174696f6e5f70726f66696c653d6175746f0a6f616d645f7472696d5f636f6e66696775726174696f6e5f636f756e743d390a62696e617572616c5f7669727475616c5f6c61796f75743d372e312e340a62696e617572616c5f6c66655f706f6c6963793d6578636c7564650a62696e617572616c5f687274665f736f757263653d6275696c74696e3a73616469652d69692d64322d6b656d61720a62696e617572616c5f687274665f7368613235363d623266343263613263653965663264666137653365666632363335343363346633303664306163393562643638346366356361333434633838643662643436310a62696e617572616c5f6261636b656e643d6469726563740a66696e616c5f6c696e6b65645f6761696e3d64697361626c6564,577,binaural-d2,372e312e34,0,0.000000,0,0.000000,0,0.000000,0,0.000000
d2-714-60,binaural-d2,7.1.4,8202e69a5cd13c9142165315f7640d2d7c3cf554b6de0bba8b2c5c40cc499cf2,1,baseline-candidate,true,14701390936,5119559528132d2087e0b95065278e4fce09bbdd3a4bced413cc09fe81c20642,60360352,5948,45236963,1,8655492,53892455,10556618,14580061958,14625298921,14580061958,0.243001033,true,1875,1876,2880255,1791,2,10555997,14569505961,14578977237,0.243001033,4.115208850,7770403.179,2531.036654,7367973,9883160,13777471,26723562,7367973,9883160,13777471,26723562,60.000000,0,8202e69a5cd13c9142165315f7640d2d7c3cf554b6de0bba8b2c5c40cc499cf2,af11fb8baac57ec9a52872daa2f5c773988bde812a96af25e0c1dba36119e06d,6f70656e6a6f632d6566666563746976652d636f6e6669672d76310a72656e6465725f6d6f64653d62696e617572616c0a6c61796f75743d372e312e340a646f776e6d69783d6175746f0a6472633d6c696e650a6469616c6e6f726d3d64656661756c740a76616c69646174696f6e5f70726f66696c653d6175746f0a6f616d645f7472696d5f636f6e66696775726174696f6e5f636f756e743d390a62696e617572616c5f7669727475616c5f6c61796f75743d372e312e340a62696e617572616c5f6c66655f706f6c6963793d6578636c7564650a62696e617572616c5f687274665f736f757263653d6275696c74696e3a73616469652d69692d64322d6b656d61720a62696e617572616c5f687274665f7368613235363d623266343263613263653965663264666137653365666632363335343363346633303664306163393562643638346366356361333434633838643662643436310a62696e617572616c5f6261636b656e643d6469726563740a66696e616c5f6c696e6b65645f6761696e3d64697361626c6564,577,binaural-d2,372e312e34,0,0.000000,0,0.000000,0,0.000000,0,0.000000,11878645017,22db6c7c0477467dfdfae47ef670533bedb0488b4f4087bc8a072d56b6032462,59566186,18867,44828393,1,8634880,53463273,6565175,11758983862,11803812255,11758983862,0.195983064,true,1875,1876,2880255,1791,2,6564835,11752419027,11758845220,0.195983064,5.102481703,6267956.814,2041.309513,5952198,8280660,10316496,16043453,5952198,8280660,10316496,16043453,60.000000,0,8202e69a5cd13c9142165315f7640d2d7c3cf554b6de0bba8b2c5c40cc499cf2,af11fb8baac57ec9a52872daa2f5c773988bde812a96af25e0c1dba36119e06d,6f70656e6a6f632d6566666563746976652d636f6e6669672d76310a72656e6465725f6d6f64653d62696e617572616c0a6c61796f75743d372e312e340a646f776e6d69783d6175746f0a6472633d6c696e650a6469616c6e6f726d3d64656661756c740a76616c69646174696f6e5f70726f66696c653d6175746f0a6f616d645f7472696d5f636f6e66696775726174696f6e5f636f756e743d390a62696e617572616c5f7669727475616c5f6c61796f75743d372e312e340a62696e617572616c5f6c66655f706f6c6963793d6578636c7564650a62696e617572616c5f687274665f736f757263653d6275696c74696e3a73616469652d69692d64322d6b656d61720a62696e617572616c5f687274665f7368613235363d623266343263613263653965663264666137653365666632363335343363346633303664306163393562643638346366356361333434633838643662643436310a62696e617572616c5f6261636b656e643d6469726563740a66696e616c5f6c696e6b65645f6761696e3d64697361626c6564,577,binaural-d2,372e312e34,0,0.000000,0,0.000000,0,0.000000,0,0.000000
d2-714-60,binaural-d2,7.1.4,8202e69a5cd13c9142165315f7640d2d7c3cf554b6de0bba8b2c5c40cc499cf2,2,candidate-baseline,true,14817987623,5119559528132d2087e0b95065278e4fce09bbdd3a4bced413cc09fe81c20642,65039731,17295,47409172,1,9715424,57124596,8379597,14689597809,14737006981,14689597809,0.244826630,true,1875,1876,2880255,1791,2,8379006,14681218803,14688794238,0.244826630,4.084522992,7829983.362,2550.051612,7438506,10066099,12727241,40906788,7438506,10066099,12727241,40906788,60.000000,0,8202e69a5cd13c9142165315f7640d2d7c3cf554b6de0bba8b2c5c40cc499cf2,af11fb8baac57ec9a52872daa2f5c773988bde812a96af25e0c1dba36119e06d,6f70656e6a6f632d6566666563746976652d636f6e6669672d76310a72656e6465725f6d6f64653d62696e617572616c0a6c61796f75743d372e312e340a646f776e6d69783d6175746f0a6472633d6c696e650a6469616c6e6f726d3d64656661756c740a76616c69646174696f6e5f70726f66696c653d6175746f0a6f616d645f7472696d5f636f6e66696775726174696f6e5f636f756e743d390a62696e617572616c5f7669727475616c5f6c61796f75743d372e312e340a62696e617572616c5f6c66655f706f6c6963793d6578636c7564650a62696e617572616c5f687274665f736f757263653d6275696c74696e3a73616469652d69692d64322d6b656d61720a62696e617572616c5f687274665f7368613235363d623266343263613263653965663264666137653365666632363335343363346633303664306163393562643638346366356361333434633838643662643436310a62696e617572616c5f6261636b656e643d6469726563740a66696e616c5f6c696e6b65645f6761696e3d64697361626c6564,577,binaural-d2,372e312e34,0,0.000000,0,0.000000,0,0.000000,0,0.000000,11815823389,22db6c7c0477467dfdfae47ef670533bedb0488b4f4087bc8a072d56b6032462,49921704,9404,40874780,1,7284150,48158930,6955388,11709966733,11750841513,11709966733,0.195166112,true,1875,1876,2880255,1791,2,6954697,11703012036,11708634586,0.195166112,5.123840346,6241606.419,2032.800348,5943524,8077945,9887998,15431876,5943524,8077945,9887998,15431876,60.000000,0,8202e69a5cd13c9142165315f7640d2d7c3cf554b6de0bba8b2c5c40cc499cf2,af11fb8baac57ec9a52872daa2f5c773988bde812a96af25e0c1dba36119e06d,6f70656e6a6f632d6566666563746976652d636f6e6669672d76310a72656e6465725f6d6f64653d62696e617572616c0a6c61796f75743d372e312e340a646f776e6d69783d6175746f0a6472633d6c696e650a6469616c6e6f726d3d64656661756c740a76616c69646174696f6e5f70726f66696c653d6175746f0a6f616d645f7472696d5f636f6e66696775726174696f6e5f636f756e743d390a62696e617572616c5f7669727475616c5f6c61796f75743d372e312e340a62696e617572616c5f6c66655f706f6c6963793d6578636c7564650a62696e617572616c5f687274665f736f757263653d6275696c74696e3a73616469652d69692d64322d6b656d61720a62696e617572616c5f687274665f7368613235363d623266343263613263653965663264666137653365666632363335343363346633303664306163393562643638346366356361333434633838643662643436310a62696e617572616c5f6261636b656e643d6469726563740a66696e616c5f6c696e6b65645f6761696e3d64697361626c6564,577,binaural-d2,372e312e34,0,0.000000,0,0.000000,0,0.000000,0,0.000000
d2-714-60,binaural-d2,7.1.4,8202e69a5cd13c9142165315f7640d2d7c3cf554b6de0bba8b2c5c40cc499cf2,3,baseline-candidate,true,14352919912,5119559528132d2087e0b95065278e4fce09bbdd3a4bced413cc09fe81c20642,70516749,96031,46479430,1,9437808,55917238,8321275,14189407040,14235886470,14189407040,0.236490117,true,1875,1876,2880255,1791,2,8320703,14181086337,14187631278,0.236490117,4.228506507,7563246.046,2463.220625,7350741,9061627,11070302,19060197,7350741,9061627,11070302,19060197,60.000000,0,8202e69a5cd13c9142165315f7640d2d7c3cf554b6de0bba8b2c5c40cc499cf2,af11fb8baac57ec9a52872daa2f5c773988bde812a96af25e0c1dba36119e06d,6f70656e6a6f632d6566666563746976652d636f6e6669672d76310a72656e6465725f6d6f64653d62696e617572616c0a6c61796f75743d372e312e340a646f776e6d69783d6175746f0a6472633d6c696e650a6469616c6e6f726d3d64656661756c740a76616c69646174696f6e5f70726f66696c653d6175746f0a6f616d645f7472696d5f636f6e66696775726174696f6e5f636f756e743d390a62696e617572616c5f7669727475616c5f6c61796f75743d372e312e340a62696e617572616c5f6c66655f706f6c6963793d6578636c7564650a62696e617572616c5f687274665f736f757263653d6275696c74696e3a73616469652d69692d64322d6b656d61720a62696e617572616c5f687274665f7368613235363d623266343263613263653965663264666137653365666632363335343363346633303664306163393562643638346366356361333434633838643662643436310a62696e617572616c5f6261636b656e643d6469726563740a66696e616c5f6c696e6b65645f6761696e3d64697361626c6564,577,binaural-d2,372e312e34,0,0.000000,0,0.000000,0,0.000000,0,0.000000,11790186406,22db6c7c0477467dfdfae47ef670533bedb0488b4f4087bc8a072d56b6032462,62360141,35582,45130240,1,7865646,52995886,6930382,11667577098,11712707338,11667577098,0.194459618,true,1875,1876,2880255,1791,2,6929561,11660647537,11666649529,0.194459618,5.142455841,6219012.020,2025.441688,5985760,7926086,9714243,14064097,5985760,7926086,9714243,14064097,60.000000,0,8202e69a5cd13c9142165315f7640d2d7c3cf554b6de0bba8b2c5c40cc499cf2,af11fb8baac57ec9a52872daa2f5c773988bde812a96af25e0c1dba36119e06d,6f70656e6a6f632d6566666563746976652d636f6e6669672d76310a72656e6465725f6d6f64653d62696e617572616c0a6c61796f75743d372e312e340a646f776e6d69783d6175746f0a6472633d6c696e650a6469616c6e6f726d3d64656661756c740a76616c69646174696f6e5f70726f66696c653d6175746f0a6f616d645f7472696d5f636f6e66696775726174696f6e5f636f756e743d390a62696e617572616c5f7669727475616c5f6c61796f75743d372e312e340a62696e617572616c5f6c66655f706f6c6963793d6578636c7564650a62696e617572616c5f687274665f736f757263653d6275696c74696e3a73616469652d69692d64322d6b656d61720a62696e617572616c5f687274665f7368613235363d623266343263613263653965663264666137653365666632363335343363346633303664306163393562643638346366356361333434633838643662643436310a62696e617572616c5f6261636b656e643d6469726563740a66696e616c5f6c696e6b65645f6761696e3d64697361626c6564,577,binaural-d2,372e312e34,0,0.000000,0,0.000000,0,0.000000,0,0.000000
d2-714-60,binaural-d2,7.1.4,8202e69a5cd13c9142165315f7640d2d7c3cf554b6de0bba8b2c5c40cc499cf2,4,candidate-baseline,true,13871120729,5119559528132d2087e0b95065278e4fce09bbdd3a4bced413cc09fe81c20642,61033015,11577,43027413,1,9436725,52464138,8137493,13752192111,13795219524,13752192111,0.229203202,true,1875,1876,2880255,1791,2,8136912,13744055199,13751678152,0.229203202,4.362940796,7330162.773,2387.321975,7162614,8436882,10314385,27920579,7162614,8436882,10314385,27920579,60.000000,0,8202e69a5cd13c9142165315f7640d2d7c3cf554b6de0bba8b2c5c40cc499cf2,af11fb8baac57ec9a52872daa2f5c773988bde812a96af25e0c1dba36119e06d,6f70656e6a6f632d6566666563746976652d636f6e6669672d76310a72656e6465725f6d6f64653d62696e617572616c0a6c61796f75743d372e312e340a646f776e6d69783d6175746f0a6472633d6c696e650a6469616c6e6f726d3d64656661756c740a76616c69646174696f6e5f70726f66696c653d6175746f0a6f616d645f7472696d5f636f6e66696775726174696f6e5f636f756e743d390a62696e617572616c5f7669727475616c5f6c61796f75743d372e312e340a62696e617572616c5f6c66655f706f6c6963793d6578636c7564650a62696e617572616c5f687274665f736f757263653d6275696c74696e3a73616469652d69692d64322d6b656d61720a62696e617572616c5f687274665f7368613235363d623266343263613263653965663264666137653365666632363335343363346633303664306163393562643638346366356361333434633838643662643436310a62696e617572616c5f6261636b656e643d6469726563740a66696e616c5f6c696e6b65645f6761696e3d64697361626c6564,577,binaural-d2,372e312e34,0,0.000000,0,0.000000,0,0.000000,0,0.000000,11616181792,22db6c7c0477467dfdfae47ef670533bedb0488b4f4087bc8a072d56b6032462,50114549,10515,45625578,1,7364127,52989705,7067729,11505341687,11550967265,11505341687,0.191755695,true,1875,1876,2880255,1791,2,7067378,11498274309,11504545718,0.191755695,5.214968980,6132412.965,1997.278312,5913120,7635286,9472716,20125256,5913120,7635286,9472716,20125256,60.000000,0,8202e69a5cd13c9142165315f7640d2d7c3cf554b6de0bba8b2c5c40cc499cf2,af11fb8baac57ec9a52872daa2f5c773988bde812a96af25e0c1dba36119e06d,6f70656e6a6f632d6566666563746976652d636f6e6669672d76310a72656e6465725f6d6f64653d62696e617572616c0a6c61796f75743d372e312e340a646f776e6d69783d6175746f0a6472633d6c696e650a6469616c6e6f726d3d64656661756c740a76616c69646174696f6e5f70726f66696c653d6175746f0a6f616d645f7472696d5f636f6e66696775726174696f6e5f636f756e743d390a62696e617572616c5f7669727475616c5f6c61796f75743d372e312e340a62696e617572616c5f6c66655f706f6c6963793d6578636c7564650a62696e617572616c5f687274665f736f757263653d6275696c74696e3a73616469652d69692d64322d6b656d61720a62696e617572616c5f687274665f7368613235363d623266343263613263653965663264666137653365666632363335343363346633303664306163393562643638346366356361333434633838643662643436310a62696e617572616c5f6261636b656e643d6469726563740a66696e616c5f6c696e6b65645f6761696e3d64697361626c6564,577,binaural-d2,372e312e34,0,0.000000,0,0.000000,0,0.000000,0,0.000000
d2-714-60,binaural-d2,7.1.4,8202e69a5cd13c9142165315f7640d2d7c3cf554b6de0bba8b2c5c40cc499cf2,5,baseline-candidate,true,13978047217,5119559528132d2087e0b95065278e4fce09bbdd3a4bced413cc09fe81c20642,61106185,15473,45651783,1,9305035,54956818,8086988,13833869314,13879521097,13833869314,0.230564489,true,1875,1876,2880255,1791,2,8086698,13825782616,13833584764,0.230564489,4.337181351,7373750.729,2401.500790,7201359,8492133,9915440,18682966,7201359,8492133,9915440,18682966,60.000000,0,8202e69a5cd13c9142165315f7640d2d7c3cf554b6de0bba8b2c5c40cc499cf2,af11fb8baac57ec9a52872daa2f5c773988bde812a96af25e0c1dba36119e06d,6f70656e6a6f632d6566666563746976652d636f6e6669672d76310a72656e6465725f6d6f64653d62696e617572616c0a6c61796f75743d372e312e340a646f776e6d69783d6175746f0a6472633d6c696e650a6469616c6e6f726d3d64656661756c740a76616c69646174696f6e5f70726f66696c653d6175746f0a6f616d645f7472696d5f636f6e66696775726174696f6e5f636f756e743d390a62696e617572616c5f7669727475616c5f6c61796f75743d372e312e340a62696e617572616c5f6c66655f706f6c6963793d6578636c7564650a62696e617572616c5f687274665f736f757263653d6275696c74696e3a73616469652d69692d64322d6b656d61720a62696e617572616c5f687274665f7368613235363d623266343263613263653965663264666137653365666632363335343363346633303664306163393562643638346366356361333434633838643662643436310a62696e617572616c5f6261636b656e643d6469726563740a66696e616c5f6c696e6b65645f6761696e3d64697361626c6564,577,binaural-d2,372e312e34,0,0.000000,0,0.000000,0,0.000000,0,0.000000,11369184418,22db6c7c0477467dfdfae47ef670533bedb0488b4f4087bc8a072d56b6032462,50390258,8412,39806419,1,7449473,47255892,6504241,11265243618,11305050037,11265243618,0.187754060,true,1875,1876,2880255,1791,2,6504040,11258739578,11263324404,0.187754060,5.326116508,6004661.108,1955.598310,5748659,7372388,9777283,27357520,5748659,7372388,9777283,27357520,60.000000,0,8202e69a5cd13c9142165315f7640d2d7c3cf554b6de0bba8b2c5c40cc499cf2,af11fb8baac57ec9a52872daa2f5c773988bde812a96af25e0c1dba36119e06d,6f70656e6a6f632d6566666563746976652d636f6e6669672d76310a72656e6465725f6d6f64653d62696e617572616c0a6c61796f75743d372e312e340a646f776e6d69783d6175746f0a6472633d6c696e650a6469616c6e6f726d3d64656661756c740a76616c69646174696f6e5f70726f66696c653d6175746f0a6f616d645f7472696d5f636f6e66696775726174696f6e5f636f756e743d390a62696e617572616c5f7669727475616c5f6c61796f75743d372e312e340a62696e617572616c5f6c66655f706f6c6963793d6578636c7564650a62696e617572616c5f687274665f736f757263653d6275696c74696e3a73616469652d69692d64322d6b656d61720a62696e617572616c5f687274665f7368613235363d623266343263613263653965663264666137653365666632363335343363346633303664306163393562643638346366356361333434633838643662643436310a62696e617572616c5f6261636b656e643d6469726563740a66696e616c5f6c696e6b65645f6761696e3d64697361626c6564,577,binaural-d2,372e312e34,0,0.000000,0,0.000000,0,0.000000,0,0.000000
