pair,run_order,record_version,process_id,variant,fixture,sources,tap_lengths,block,iterations,warmups,elapsed_ns,ns_per_call,input_fnv64,block_output_fnv64,preflight_f64_values,post_timing_f64_values,captured_tail_samples,finished_after_tail
1,baseline-candidate,1,9,baseline,synthetic,11,256|256|256|256|256|256|256|256|256|256|256,1536,128,8,498448026,3894125.203,02e19ca04ff653e8,e8a08abd7f5b97b0,3582,3072,255,true
1,baseline-candidate,1,10,candidate,synthetic,11,256|256|256|256|256|256|256|256|256|256|256,1536,128,8,527374380,4120112.344,02e19ca04ff653e8,e8a08abd7f5b97b0,3582,3072,255,true
2,candidate-baseline,1,11,candidate,synthetic,11,256|256|256|256|256|256|256|256|256|256|256,1536,128,8,486204718,3798474.359,02e19ca04ff653e8,e8a08abd7f5b97b0,3582,3072,255,true
2,candidate-baseline,1,12,baseline,synthetic,11,256|256|256|256|256|256|256|256|256|256|256,1536,128,8,571022148,4461110.531,02e19ca04ff653e8,e8a08abd7f5b97b0,3582,3072,255,true
3,baseline-candidate,1,13,baseline,synthetic,11,256|256|256|256|256|256|256|256|256|256|256,1536,128,8,535626583,4184582.680,02e19ca04ff653e8,e8a08abd7f5b97b0,3582,3072,255,true
3,baseline-candidate,1,14,candidate,synthetic,11,256|256|256|256|256|256|256|256|256|256|256,1536,128,8,478638114,3739360.266,02e19ca04ff653e8,e8a08abd7f5b97b0,3582,3072,255,true
4,candidate-baseline,1,15,candidate,synthetic,11,256|256|256|256|256|256|256|256|256|256|256,1536,128,8,465021426,3632979.891,02e19ca04ff653e8,e8a08abd7f5b97b0,3582,3072,255,true
4,candidate-baseline,1,16,baseline,synthetic,11,256|256|256|256|256|256|256|256|256|256|256,1536,128,8,509965087,3984102.242,02e19ca04ff653e8,e8a08abd7f5b97b0,3582,3072,255,true
5,baseline-candidate,1,17,baseline,synthetic,11,256|256|256|256|256|256|256|256|256|256|256,1536,128,8,558102169,4360173.195,02e19ca04ff653e8,e8a08abd7f5b97b0,3582,3072,255,true
5,baseline-candidate,1,18,candidate,synthetic,11,256|256|256|256|256|256|256|256|256|256|256,1536,128,8,494247415,3861307.930,02e19ca04ff653e8,e8a08abd7f5b97b0,3582,3072,255,true
