case,repetition,run_order,input_sha256,mode,layout,valid,baseline_api_probe_binary_sha256,candidate_api_probe_binary_sha256,baseline_summary_config_fingerprint,candidate_summary_config_fingerprint,baseline_summary_input_access_units,candidate_summary_input_access_units,baseline_summary_output_frames,candidate_summary_output_frames,baseline_summary_output_sample_count,candidate_summary_output_sample_count,baseline_summary_tail_samples,candidate_summary_tail_samples,baseline_summary_channel_count,candidate_summary_channel_count,baseline_summary_latency_samples,candidate_summary_latency_samples,baseline_summary_probe_process_cpu_ns,candidate_summary_probe_process_cpu_ns,baseline_summary_api_pipeline_wall_ns,candidate_summary_api_pipeline_wall_ns,baseline_summary_processing_rtf_excludes_orientation_control_lower_is_better,candidate_summary_processing_rtf_excludes_orientation_control_lower_is_better
d1-714-30,1,baseline-candidate,a44fc36470d07f98c68053c9015e3cb169a21af927b1b3b93bd5712a42234671,binaural-d1,7.1.4,true,5794eb77e7117973561ebfa392fb4c4e872138a22b155b26f0eb53653038c426,6bb3f5f3824a4f20d358132b6dc4c9313af4ca073c3f395c573ea702de053575,b9dff643bcbf782307c9b71c2d2fa3ad6d72f66a879da1663f419bbb01d1c599,b9dff643bcbf782307c9b71c2d2fa3ad6d72f66a879da1663f419bbb01d1c599,938,938,939,939,1441023,1441023,1791,1791,2,2,577,577,16916597347,7302616797,16919066465,7306374902,0.563668259,0.243416008
d1-714-30,2,candidate-baseline,a44fc36470d07f98c68053c9015e3cb169a21af927b1b3b93bd5712a42234671,binaural-d1,7.1.4,true,5794eb77e7117973561ebfa392fb4c4e872138a22b155b26f0eb53653038c426,6bb3f5f3824a4f20d358132b6dc4c9313af4ca073c3f395c573ea702de053575,b9dff643bcbf782307c9b71c2d2fa3ad6d72f66a879da1663f419bbb01d1c599,b9dff643bcbf782307c9b71c2d2fa3ad6d72f66a879da1663f419bbb01d1c599,938,938,939,939,1441023,1441023,1791,1791,2,2,577,577,16401796782,7574500988,16405189730,7578091788,0.546548165,0.252468410
d1-714-30,3,baseline-candidate,a44fc36470d07f98c68053c9015e3cb169a21af927b1b3b93bd5712a42234671,binaural-d1,7.1.4,true,5794eb77e7117973561ebfa392fb4c4e872138a22b155b26f0eb53653038c426,6bb3f5f3824a4f20d358132b6dc4c9313af4ca073c3f395c573ea702de053575,b9dff643bcbf782307c9b71c2d2fa3ad6d72f66a879da1663f419bbb01d1c599,b9dff643bcbf782307c9b71c2d2fa3ad6d72f66a879da1663f419bbb01d1c599,938,938,939,939,1441023,1441023,1791,1791,2,2,577,577,16149538675,6496724532,16150616064,6497950909,0.538066900,0.216482906
d1-714-30,4,candidate-baseline,a44fc36470d07f98c68053c9015e3cb169a21af927b1b3b93bd5712a42234671,binaural-d1,7.1.4,true,5794eb77e7117973561ebfa392fb4c4e872138a22b155b26f0eb53653038c426,6bb3f5f3824a4f20d358132b6dc4c9313af4ca073c3f395c573ea702de053575,b9dff643bcbf782307c9b71c2d2fa3ad6d72f66a879da1663f419bbb01d1c599,b9dff643bcbf782307c9b71c2d2fa3ad6d72f66a879da1663f419bbb01d1c599,938,938,939,939,1441023,1441023,1791,1791,2,2,577,577,16170647386,6684029110,16174361675,6684611972,0.538857998,0.222701625
d1-714-30,5,baseline-candidate,a44fc36470d07f98c68053c9015e3cb169a21af927b1b3b93bd5712a42234671,binaural-d1,7.1.4,true,5794eb77e7117973561ebfa392fb4c4e872138a22b155b26f0eb53653038c426,6bb3f5f3824a4f20d358132b6dc4c9313af4ca073c3f395c573ea702de053575,b9dff643bcbf782307c9b71c2d2fa3ad6d72f66a879da1663f419bbb01d1c599,b9dff643bcbf782307c9b71c2d2fa3ad6d72f66a879da1663f419bbb01d1c599,938,938,939,939,1441023,1441023,1791,1791,2,2,577,577,16159728880,6899029174,16163224137,6899543713,0.538486945,0.229862197
d1-714-60,1,baseline-candidate,8202e69a5cd13c9142165315f7640d2d7c3cf554b6de0bba8b2c5c40cc499cf2,binaural-d1,7.1.4,true,5794eb77e7117973561ebfa392fb4c4e872138a22b155b26f0eb53653038c426,6bb3f5f3824a4f20d358132b6dc4c9313af4ca073c3f395c573ea702de053575,b9dff643bcbf782307c9b71c2d2fa3ad6d72f66a879da1663f419bbb01d1c599,b9dff643bcbf782307c9b71c2d2fa3ad6d72f66a879da1663f419bbb01d1c599,1875,1875,1876,1876,2880255,2880255,1791,1791,2,2,577,577,32508935835,13444207329,32512085071,13446156185,0.541868085,0.224102603
d1-714-60,2,candidate-baseline,8202e69a5cd13c9142165315f7640d2d7c3cf554b6de0bba8b2c5c40cc499cf2,binaural-d1,7.1.4,true,5794eb77e7117973561ebfa392fb4c4e872138a22b155b26f0eb53653038c426,6bb3f5f3824a4f20d358132b6dc4c9313af4ca073c3f395c573ea702de053575,b9dff643bcbf782307c9b71c2d2fa3ad6d72f66a879da1663f419bbb01d1c599,b9dff643bcbf782307c9b71c2d2fa3ad6d72f66a879da1663f419bbb01d1c599,1875,1875,1876,1876,2880255,2880255,1791,1791,2,2,577,577,32662413052,13506711202,32664697357,13508051330,0.544411623,0.225134189
d1-714-60,3,baseline-candidate,8202e69a5cd13c9142165315f7640d2d7c3cf554b6de0bba8b2c5c40cc499cf2,binaural-d1,7.1.4,true,5794eb77e7117973561ebfa392fb4c4e872138a22b155b26f0eb53653038c426,6bb3f5f3824a4f20d358132b6dc4c9313af4ca073c3f395c573ea702de053575,b9dff643bcbf782307c9b71c2d2fa3ad6d72f66a879da1663f419bbb01d1c599,b9dff643bcbf782307c9b71c2d2fa3ad6d72f66a879da1663f419bbb01d1c599,1875,1875,1876,1876,2880255,2880255,1791,1791,2,2,577,577,32575053828,13768851758,32577515091,13769884413,0.542958585,0.229498074
d1-714-60,4,candidate-baseline,8202e69a5cd13c9142165315f7640d2d7c3cf554b6de0bba8b2c5c40cc499cf2,binaural-d1,7.1.4,true,5794eb77e7117973561ebfa392fb4c4e872138a22b155b26f0eb53653038c426,6bb3f5f3824a4f20d358132b6dc4c9313af4ca073c3f395c573ea702de053575,b9dff643bcbf782307c9b71c2d2fa3ad6d72f66a879da1663f419bbb01d1c599,b9dff643bcbf782307c9b71c2d2fa3ad6d72f66a879da1663f419bbb01d1c599,1875,1875,1876,1876,2880255,2880255,1791,1791,2,2,577,577,32670200845,14079000034,32672668813,14080634457,0.544544480,0.234677241
d1-714-60,5,baseline-candidate,8202e69a5cd13c9142165315f7640d2d7c3cf554b6de0bba8b2c5c40cc499cf2,binaural-d1,7.1.4,true,5794eb77e7117973561ebfa392fb4c4e872138a22b155b26f0eb53653038c426,6bb3f5f3824a4f20d358132b6dc4c9313af4ca073c3f395c573ea702de053575,b9dff643bcbf782307c9b71c2d2fa3ad6d72f66a879da1663f419bbb01d1c599,b9dff643bcbf782307c9b71c2d2fa3ad6d72f66a879da1663f419bbb01d1c599,1875,1875,1876,1876,2880255,2880255,1791,1791,2,2,577,577,32844324886,13833826265,32845536229,13836284639,0.547425604,0.230604744
d2-714-30,1,baseline-candidate,a44fc36470d07f98c68053c9015e3cb169a21af927b1b3b93bd5712a42234671,binaural-d2,7.1.4,true,5794eb77e7117973561ebfa392fb4c4e872138a22b155b26f0eb53653038c426,6bb3f5f3824a4f20d358132b6dc4c9313af4ca073c3f395c573ea702de053575,af11fb8baac57ec9a52872daa2f5c773988bde812a96af25e0c1dba36119e06d,af11fb8baac57ec9a52872daa2f5c773988bde812a96af25e0c1dba36119e06d,938,938,939,939,1441023,1441023,1791,1791,2,2,577,577,16260213370,6690716464,16261664654,6691267250,0.541766546,0.222923349
d2-714-30,2,candidate-baseline,a44fc36470d07f98c68053c9015e3cb169a21af927b1b3b93bd5712a42234671,binaural-d2,7.1.4,true,5794eb77e7117973561ebfa392fb4c4e872138a22b155b26f0eb53653038c426,6bb3f5f3824a4f20d358132b6dc4c9313af4ca073c3f395c573ea702de053575,af11fb8baac57ec9a52872daa2f5c773988bde812a96af25e0c1dba36119e06d,af11fb8baac57ec9a52872daa2f5c773988bde812a96af25e0c1dba36119e06d,938,938,939,939,1441023,1441023,1791,1791,2,2,577,577,17385654378,7123449971,17386995535,7123931944,0.579257580,0.237337818
d2-714-30,3,baseline-candidate,a44fc36470d07f98c68053c9015e3cb169a21af927b1b3b93bd5712a42234671,binaural-d2,7.1.4,true,5794eb77e7117973561ebfa392fb4c4e872138a22b155b26f0eb53653038c426,6bb3f5f3824a4f20d358132b6dc4c9313af4ca073c3f395c573ea702de053575,af11fb8baac57ec9a52872daa2f5c773988bde812a96af25e0c1dba36119e06d,af11fb8baac57ec9a52872daa2f5c773988bde812a96af25e0c1dba36119e06d,938,938,939,939,1441023,1441023,1791,1791,2,2,577,577,17182097556,7399863272,17184339387,7400428877,0.572505976,0.246549470
d2-714-30,4,candidate-baseline,a44fc36470d07f98c68053c9015e3cb169a21af927b1b3b93bd5712a42234671,binaural-d2,7.1.4,true,5794eb77e7117973561ebfa392fb4c4e872138a22b155b26f0eb53653038c426,6bb3f5f3824a4f20d358132b6dc4c9313af4ca073c3f395c573ea702de053575,af11fb8baac57ec9a52872daa2f5c773988bde812a96af25e0c1dba36119e06d,af11fb8baac57ec9a52872daa2f5c773988bde812a96af25e0c1dba36119e06d,938,938,939,939,1441023,1441023,1791,1791,2,2,577,577,16360303236,7272598456,16370362503,7273398412,0.545387877,0.242317378
d2-714-30,5,baseline-candidate,a44fc36470d07f98c68053c9015e3cb169a21af927b1b3b93bd5712a42234671,binaural-d2,7.1.4,true,5794eb77e7117973561ebfa392fb4c4e872138a22b155b26f0eb53653038c426,6bb3f5f3824a4f20d358132b6dc4c9313af4ca073c3f395c573ea702de053575,af11fb8baac57ec9a52872daa2f5c773988bde812a96af25e0c1dba36119e06d,af11fb8baac57ec9a52872daa2f5c773988bde812a96af25e0c1dba36119e06d,938,938,939,939,1441023,1441023,1791,1791,2,2,577,577,16315946537,6603061829,16317595268,6604891067,0.543629906,0.220045678
d2-714-60,1,baseline-candidate,8202e69a5cd13c9142165315f7640d2d7c3cf554b6de0bba8b2c5c40cc499cf2,binaural-d2,7.1.4,true,5794eb77e7117973561ebfa392fb4c4e872138a22b155b26f0eb53653038c426,6bb3f5f3824a4f20d358132b6dc4c9313af4ca073c3f395c573ea702de053575,af11fb8baac57ec9a52872daa2f5c773988bde812a96af25e0c1dba36119e06d,af11fb8baac57ec9a52872daa2f5c773988bde812a96af25e0c1dba36119e06d,1875,1875,1876,1876,2880255,2880255,1791,1791,2,2,577,577,32511917757,13585241592,32512441772,13586031214,0.541874030,0.226433854
d2-714-60,2,candidate-baseline,8202e69a5cd13c9142165315f7640d2d7c3cf554b6de0bba8b2c5c40cc499cf2,binaural-d2,7.1.4,true,5794eb77e7117973561ebfa392fb4c4e872138a22b155b26f0eb53653038c426,6bb3f5f3824a4f20d358132b6dc4c9313af4ca073c3f395c573ea702de053575,af11fb8baac57ec9a52872daa2f5c773988bde812a96af25e0c1dba36119e06d,af11fb8baac57ec9a52872daa2f5c773988bde812a96af25e0c1dba36119e06d,1875,1875,1876,1876,2880255,2880255,1791,1791,2,2,577,577,32215564206,13886347783,32216571561,13887800743,0.536942859,0.231463346
d2-714-60,3,baseline-candidate,8202e69a5cd13c9142165315f7640d2d7c3cf554b6de0bba8b2c5c40cc499cf2,binaural-d2,7.1.4,true,5794eb77e7117973561ebfa392fb4c4e872138a22b155b26f0eb53653038c426,6bb3f5f3824a4f20d358132b6dc4c9313af4ca073c3f395c573ea702de053575,af11fb8baac57ec9a52872daa2f5c773988bde812a96af25e0c1dba36119e06d,af11fb8baac57ec9a52872daa2f5c773988bde812a96af25e0c1dba36119e06d,1875,1875,1876,1876,2880255,2880255,1791,1791,2,2,577,577,31845700566,13285203986,31847082680,13286099980,0.530784711,0.221435000
d2-714-60,4,candidate-baseline,8202e69a5cd13c9142165315f7640d2d7c3cf554b6de0bba8b2c5c40cc499cf2,binaural-d2,7.1.4,true,5794eb77e7117973561ebfa392fb4c4e872138a22b155b26f0eb53653038c426,6bb3f5f3824a4f20d358132b6dc4c9313af4ca073c3f395c573ea702de053575,af11fb8baac57ec9a52872daa2f5c773988bde812a96af25e0c1dba36119e06d,af11fb8baac57ec9a52872daa2f5c773988bde812a96af25e0c1dba36119e06d,1875,1875,1876,1876,2880255,2880255,1791,1791,2,2,577,577,32315875079,13691567020,32322152350,13692361977,0.538702539,0.228206033
d2-714-60,5,baseline-candidate,8202e69a5cd13c9142165315f7640d2d7c3cf554b6de0bba8b2c5c40cc499cf2,binaural-d2,7.1.4,true,5794eb77e7117973561ebfa392fb4c4e872138a22b155b26f0eb53653038c426,6bb3f5f3824a4f20d358132b6dc4c9313af4ca073c3f395c573ea702de053575,af11fb8baac57ec9a52872daa2f5c773988bde812a96af25e0c1dba36119e06d,af11fb8baac57ec9a52872daa2f5c773988bde812a96af25e0c1dba36119e06d,1875,1875,1876,1876,2880255,2880255,1791,1791,2,2,577,577,33188585917,13659701321,33195455613,13660349321,0.553257594,0.227672489
