case,input_sha256,repetition,run_order,input_access_units,output_frames,output_sample_count,tail_samples,channel_count,config_fingerprint,baseline_api_pipeline_wall_ns,candidate_api_pipeline_wall_ns,baseline_rtf,candidate_rtf,baseline_p50_ns,candidate_p50_ns,baseline_p95_ns,candidate_p95_ns,baseline_p99_ns,candidate_p99_ns,baseline_orientation_inclusive_rtf,candidate_orientation_inclusive_rtf
joc60-2.0,8202e69a5cd13c9142165315f7640d2d7c3cf554b6de0bba8b2c5c40cc499cf2,1,baseline-candidate,1875,1876,2880032,1568,2,d847a68259f2fefc5ad8c1b6964ad495678e24598fce3fd6d2e9ad5600db8874,7461792711,7462809228,0.124363212,0.124380154,3821939,3857083,4598483,4465992,6817329,5624164,0.124363212,0.124380154
joc60-2.0,8202e69a5cd13c9142165315f7640d2d7c3cf554b6de0bba8b2c5c40cc499cf2,2,candidate-baseline,1875,1876,2880032,1568,2,d847a68259f2fefc5ad8c1b6964ad495678e24598fce3fd6d2e9ad5600db8874,7586387758,7123830273,0.126439796,0.118730505,3909283,3736011,4766425,4087362,6336511,4323348,0.126439796,0.118730505
joc60-2.0,8202e69a5cd13c9142165315f7640d2d7c3cf554b6de0bba8b2c5c40cc499cf2,3,baseline-candidate,1875,1876,2880032,1568,2,d847a68259f2fefc5ad8c1b6964ad495678e24598fce3fd6d2e9ad5600db8874,7593247978,7251009121,0.126554133,0.120850152,3898605,3771163,4790737,4300133,5974897,5342449,0.126554133,0.120850152
joc60-2.0,8202e69a5cd13c9142165315f7640d2d7c3cf554b6de0bba8b2c5c40cc499cf2,4,candidate-baseline,1875,1876,2880032,1568,2,d847a68259f2fefc5ad8c1b6964ad495678e24598fce3fd6d2e9ad5600db8874,7495589970,7482515597,0.124926499,0.124708593,3910334,3862391,4540646,4728145,5290160,5898139,0.124926499,0.124708593
joc60-2.0,8202e69a5cd13c9142165315f7640d2d7c3cf554b6de0bba8b2c5c40cc499cf2,5,baseline-candidate,1875,1876,2880032,1568,2,d847a68259f2fefc5ad8c1b6964ad495678e24598fce3fd6d2e9ad5600db8874,7529602768,7562623354,0.125493379,0.126043723,3899416,3904935,4562199,4778175,5466836,6024054,0.125493379,0.126043723
joc60-7.1.4,8202e69a5cd13c9142165315f7640d2d7c3cf554b6de0bba8b2c5c40cc499cf2,1,baseline-candidate,1875,1876,2880032,1568,12,ecdf701f04adb7d4057b0e8294af81e3777434f503e007e60c5d34dbdfaf20d7,8368108131,8636432145,0.139468469,0.143940536,4299682,4371986,5384956,6170160,7176772,8338323,0.139468469,0.143940536
joc60-7.1.4,8202e69a5cd13c9142165315f7640d2d7c3cf554b6de0bba8b2c5c40cc499cf2,2,candidate-baseline,1875,1876,2880032,1568,12,ecdf701f04adb7d4057b0e8294af81e3777434f503e007e60c5d34dbdfaf20d7,8477880151,8448352865,0.141298003,0.140805881,4330057,4344319,5738387,5391782,7647563,7448912,0.141298003,0.140805881
joc60-7.1.4,8202e69a5cd13c9142165315f7640d2d7c3cf554b6de0bba8b2c5c40cc499cf2,3,baseline-candidate,1875,1876,2880032,1568,12,ecdf701f04adb7d4057b0e8294af81e3777434f503e007e60c5d34dbdfaf20d7,8297940444,8094951764,0.138299007,0.134915863,4322467,4171755,5135997,4886978,6209436,6361587,0.138299007,0.134915863
joc60-7.1.4,8202e69a5cd13c9142165315f7640d2d7c3cf554b6de0bba8b2c5c40cc499cf2,4,candidate-baseline,1875,1876,2880032,1568,12,ecdf701f04adb7d4057b0e8294af81e3777434f503e007e60c5d34dbdfaf20d7,8190289959,8229766993,0.136504833,0.137162783,4180861,4297117,5239262,4889282,6838720,5972580,0.136504833,0.137162783
joc60-7.1.4,8202e69a5cd13c9142165315f7640d2d7c3cf554b6de0bba8b2c5c40cc499cf2,5,baseline-candidate,1875,1876,2880032,1568,12,ecdf701f04adb7d4057b0e8294af81e3777434f503e007e60c5d34dbdfaf20d7,8422829923,8358589247,0.140380499,0.139309821,4298890,4338547,5587798,5126481,7732472,6312882,0.140380499,0.139309821
joc60-22.2,8202e69a5cd13c9142165315f7640d2d7c3cf554b6de0bba8b2c5c40cc499cf2,1,baseline-candidate,1875,1876,2880032,1568,24,0b430da9765535a388726436c7d3c2fbaa93ba61acea02646a8e62b4cefd9dac,9139909525,9514855391,0.152331825,0.158580923,4754998,4833773,5622720,6519896,6666377,8655065,0.152331825,0.158580923
joc60-22.2,8202e69a5cd13c9142165315f7640d2d7c3cf554b6de0bba8b2c5c40cc499cf2,2,candidate-baseline,1875,1876,2880032,1568,24,0b430da9765535a388726436c7d3c2fbaa93ba61acea02646a8e62b4cefd9dac,9014638186,9369471073,0.150243970,0.156157851,4632225,4802592,5807421,6133393,7505068,8484810,0.150243970,0.156157851
joc60-22.2,8202e69a5cd13c9142165315f7640d2d7c3cf554b6de0bba8b2c5c40cc499cf2,3,baseline-candidate,1875,1876,2880032,1568,24,0b430da9765535a388726436c7d3c2fbaa93ba61acea02646a8e62b4cefd9dac,9020157111,9245136231,0.150335952,0.154085604,4696871,4750923,5502218,6068235,6933532,7829679,0.150335952,0.154085604
joc60-22.2,8202e69a5cd13c9142165315f7640d2d7c3cf554b6de0bba8b2c5c40cc499cf2,4,candidate-baseline,1875,1876,2880032,1568,24,0b430da9765535a388726436c7d3c2fbaa93ba61acea02646a8e62b4cefd9dac,9302993792,9336613193,0.155049897,0.155610220,4783204,4875272,6101808,5690705,8350816,6733532,0.155049897,0.155610220
joc60-22.2,8202e69a5cd13c9142165315f7640d2d7c3cf554b6de0bba8b2c5c40cc499cf2,5,baseline-candidate,1875,1876,2880032,1568,24,0b430da9765535a388726436c7d3c2fbaa93ba61acea02646a8e62b4cefd9dac,9182294069,9258083267,0.153038234,0.154301388,4686537,4758367,6137698,5821336,8645463,8189353,0.153038234,0.154301388
joc60-d1-7.1.4,8202e69a5cd13c9142165315f7640d2d7c3cf554b6de0bba8b2c5c40cc499cf2,1,baseline-candidate,1875,1876,2880255,1791,2,b9dff643bcbf782307c9b71c2d2fa3ad6d72f66a879da1663f419bbb01d1c599,35887725948,36711148616,0.598128766,0.611852477,18796180,18990815,21052974,22635114,23885195,28958690,0.598128766,0.611852477
joc60-d1-7.1.4,8202e69a5cd13c9142165315f7640d2d7c3cf554b6de0bba8b2c5c40cc499cf2,2,candidate-baseline,1875,1876,2880255,1791,2,b9dff643bcbf782307c9b71c2d2fa3ad6d72f66a879da1663f419bbb01d1c599,35786296184,36112592749,0.596438270,0.601876546,18740730,18971507,21073749,21040767,23800156,24030833,0.596438270,0.601876546
joc60-d1-7.1.4,8202e69a5cd13c9142165315f7640d2d7c3cf554b6de0bba8b2c5c40cc499cf2,3,baseline-candidate,1875,1876,2880255,1791,2,b9dff643bcbf782307c9b71c2d2fa3ad6d72f66a879da1663f419bbb01d1c599,36546608452,36886179871,0.609110141,0.614769665,19021343,19224743,22475630,22147009,26477543,29127514,0.609110141,0.614769665
joc60-d1-7.1.4,8202e69a5cd13c9142165315f7640d2d7c3cf554b6de0bba8b2c5c40cc499cf2,4,candidate-baseline,1875,1876,2880255,1791,2,b9dff643bcbf782307c9b71c2d2fa3ad6d72f66a879da1663f419bbb01d1c599,35271302697,36902634622,0.587855045,0.615043910,18579067,19310823,20172337,22223141,23089108,24964489,0.587855045,0.615043910
joc60-d1-7.1.4,8202e69a5cd13c9142165315f7640d2d7c3cf554b6de0bba8b2c5c40cc499cf2,5,baseline-candidate,1875,1876,2880255,1791,2,b9dff643bcbf782307c9b71c2d2fa3ad6d72f66a879da1663f419bbb01d1c599,36259195504,36785791540,0.604319925,0.613096526,19074666,19200233,20989842,22110498,23485216,25797253,0.604319925,0.613096526
joc60-d2-22.2,8202e69a5cd13c9142165315f7640d2d7c3cf554b6de0bba8b2c5c40cc499cf2,1,baseline-candidate,1875,1876,2880255,1791,2,0bdd6210ed1342ce06a126cfcb7aab58d3bab70536e1f92169b2a7c9dba4230b,66449594803,66357022166,1.107493247,1.105950369,34769692,34868806,39674090,38982308,46930315,44757521,1.107493247,1.105950369
joc60-d2-22.2,8202e69a5cd13c9142165315f7640d2d7c3cf554b6de0bba8b2c5c40cc499cf2,2,candidate-baseline,1875,1876,2880255,1791,2,0bdd6210ed1342ce06a126cfcb7aab58d3bab70536e1f92169b2a7c9dba4230b,65411215210,65432918642,1.090186920,1.090548644,34262199,34256444,38319269,39088515,46371658,45477858,1.090186920,1.090548644
joc60-d2-22.2,8202e69a5cd13c9142165315f7640d2d7c3cf554b6de0bba8b2c5c40cc499cf2,3,baseline-candidate,1875,1876,2880255,1791,2,0bdd6210ed1342ce06a126cfcb7aab58d3bab70536e1f92169b2a7c9dba4230b,64917783927,65991041560,1.081963065,1.099850693,33996445,34600960,38218540,39574562,42323207,44445697,1.081963065,1.099850693
joc60-d2-22.2,8202e69a5cd13c9142165315f7640d2d7c3cf554b6de0bba8b2c5c40cc499cf2,4,candidate-baseline,1875,1876,2880255,1791,2,0bdd6210ed1342ce06a126cfcb7aab58d3bab70536e1f92169b2a7c9dba4230b,66333359700,65897246436,1.105555995,1.098287441,34590214,34568673,40228511,38580439,47904249,47221845,1.105555995,1.098287441
joc60-d2-22.2,8202e69a5cd13c9142165315f7640d2d7c3cf554b6de0bba8b2c5c40cc499cf2,5,baseline-candidate,1875,1876,2880255,1791,2,0bdd6210ed1342ce06a126cfcb7aab58d3bab70536e1f92169b2a7c9dba4230b,66056120214,64242449325,1.100935337,1.070707489,34378788,33740172,40124550,37368750,47601603,43063983,1.100935337,1.070707489
joc60-orientation-d1,8202e69a5cd13c9142165315f7640d2d7c3cf554b6de0bba8b2c5c40cc499cf2,1,baseline-candidate,1875,1876,2880255,1791,2,836f56ce40655bd46c27b0897ad8eb20e211b7cad71ba02d6291ad37aeb8573f,20442838886,19729662999,0.340713981,0.328827717,10626712,10389477,12661779,11446397,15235774,12651009,0.341130450,0.329230282
joc60-orientation-d1,8202e69a5cd13c9142165315f7640d2d7c3cf554b6de0bba8b2c5c40cc499cf2,2,candidate-baseline,1875,1876,2880255,1791,2,836f56ce40655bd46c27b0897ad8eb20e211b7cad71ba02d6291ad37aeb8573f,20192932982,20284806118,0.336548883,0.338080102,10551806,10488681,12021443,12424902,13919234,14679744,0.336949302,0.338482344
joc60-orientation-d1,8202e69a5cd13c9142165315f7640d2d7c3cf554b6de0bba8b2c5c40cc499cf2,3,baseline-candidate,1875,1876,2880255,1791,2,836f56ce40655bd46c27b0897ad8eb20e211b7cad71ba02d6291ad37aeb8573f,20383382899,20536619697,0.339723048,0.342276995,10675482,10702463,12256437,12307472,14871281,14890061,0.340120995,0.342689820
joc60-orientation-d1,8202e69a5cd13c9142165315f7640d2d7c3cf554b6de0bba8b2c5c40cc499cf2,4,candidate-baseline,1875,1876,2880255,1791,2,836f56ce40655bd46c27b0897ad8eb20e211b7cad71ba02d6291ad37aeb8573f,20489600808,20248556075,0.341493347,0.337475935,10643569,10451132,12667713,12046415,16296946,17301646,0.341906105,0.337888002
joc60-orientation-d1,8202e69a5cd13c9142165315f7640d2d7c3cf554b6de0bba8b2c5c40cc499cf2,5,baseline-candidate,1875,1876,2880255,1791,2,836f56ce40655bd46c27b0897ad8eb20e211b7cad71ba02d6291ad37aeb8573f,20272361967,19899922523,0.337872699,0.331665375,10539832,10425056,12222064,11732070,15954310,13160882,0.338270376,0.332066958
core60,0b98eb8c92ad542cbda37c402e420e74f8a9ddd25e72cd440788be110ce4a136,1,baseline-candidate,1875,1875,2880000,0,6,fnv64:d0eb76dc5aa1c116,1604280185,1634177693,0.026738003,0.027236295,818298,820331,1036638,1076398,1270753,1462994,,
core60,0b98eb8c92ad542cbda37c402e420e74f8a9ddd25e72cd440788be110ce4a136,2,candidate-baseline,1875,1875,2880000,0,6,fnv64:d0eb76dc5aa1c116,1672931815,1680121781,0.027882197,0.028002030,848153,845890,1124802,1139584,1366187,1351195,,
core60,0b98eb8c92ad542cbda37c402e420e74f8a9ddd25e72cd440788be110ce4a136,3,baseline-candidate,1875,1875,2880000,0,6,fnv64:d0eb76dc5aa1c116,1646276830,1670598754,0.027437947,0.027843313,831148,843597,1076438,1125934,1356462,1348491,,
core60,0b98eb8c92ad542cbda37c402e420e74f8a9ddd25e72cd440788be110ce4a136,4,candidate-baseline,1875,1875,2880000,0,6,fnv64:d0eb76dc5aa1c116,1661508752,1600271518,0.027691813,0.026671192,838098,811067,1117060,1050720,1360628,1185614,,
core60,0b98eb8c92ad542cbda37c402e420e74f8a9ddd25e72cd440788be110ce4a136,5,baseline-candidate,1875,1875,2880000,0,6,fnv64:d0eb76dc5aa1c116,1677794532,1697717134,0.027963242,0.028295286,854302,858829,1115657,1139454,1297442,1433589,,
