case,observation,baseline,candidate,unit,replicates,notes
JOC speaker 2.0 30.016s,median RTF,0.121073540,0.124748346,RTF,3,"Plain timing-only, alternating paired order; baseline range 0.119583574–0.121207928 and candidate range 0.121532776–0.125441964; no speedup claim"
Ordinary E-AC-3 core 30.016s,median RTF,0.026295814,0.027305082,RTF,3,"Plain timing-only, alternating paired order; baseline range 0.026177622–0.029639515 and candidate range 0.026910038–0.029220239; no speedup claim"
JOC speaker 2.0 128 AUs,decode share of API stage sum,95.9,95.9,percent,1,"Instrumented stage run; directional hotspot only"
JOC D2 binaural 22.2 128 AUs,binaural share of API stage sum,87.4,87.1,percent,1,"Instrumented stage run; directional hotspot only"
Ordinary E-AC-3 core 32 syncframes,synthesis share of API pipeline wall,68.4,67.2,percent,1,"Instrumented stage run; directional hotspot only"
JOC speaker 2.0,requested allocator bytes per AU,1868457,1868457,bytes/AU,1,"Counting allocator; request volume, not live/peak/copied bytes"
JOC speaker 2.0,allocator calls per AU,1756.19,1756.19,calls/AU,1,"Counting allocator"
JOC speaker 7.1.4,requested allocator bytes per AU,2184401,2184401,bytes/AU,1,"Counting allocator"
JOC speaker 7.1.4,allocator calls per AU,1946.24,1946.24,calls/AU,1,"Counting allocator"
JOC speaker 22.2,requested allocator bytes per AU,2565886,2565886,bytes/AU,1,"Counting allocator"
JOC speaker 22.2,allocator calls per AU,2143.73,2143.73,calls/AU,1,"Counting allocator"
Ordinary E-AC-3 core 30s,requested allocator bytes per syncframe,678620,678620,bytes/syncframe,1,"Counting allocator"
Ordinary E-AC-3 core 30s,allocator calls per syncframe,2004.33,2004.33,calls/syncframe,1,"Counting allocator"
